[02Feb2026 03:00:08.968] [main/INFO] [cpw.mods.modlauncher.Launcher/MODLAUNCHER]: ModLauncher running: args [--launchTarget, forgeserver, --fml.forgeVersion, 47.4.10, --fml.mcVersion, 1.20.1, --fml.forgeGroup, net.minecraftforge, --fml.mcpVersion, 20230612.114412, nogui]
[02Feb2026 03:00:08.973] [main/INFO] [cpw.mods.modlauncher.Launcher/MODLAUNCHER]: ModLauncher 10.0.9+10.0.9+main.dcd20f30 starting: java version 17.0.17 by Ubuntu; OS Linux arch amd64 version 6.8.0-1030-azure
[02Feb2026 03:00:08.995] [main/DEBUG] [cpw.mods.modlauncher.LaunchServiceHandler/MODLAUNCHER]: Found launch services [fmlclientdev,forgeclient,minecraft,forgegametestserverdev,fmlserveruserdev,fmlclient,fmldatauserdev,forgeserverdev,forgeserveruserdev,forgeclientdev,forgeclientuserdev,forgeserver,forgedatadev,fmlserver,fmlclientuserdev,fmlserverdev,forgedatauserdev,testharness,forgegametestserveruserdev]
[02Feb2026 03:00:09.005] [main/DEBUG] [cpw.mods.modlauncher.NameMappingServiceHandler/MODLAUNCHER]: Found naming services : [srgtomcp]
[02Feb2026 03:00:09.020] [main/DEBUG] [cpw.mods.modlauncher.LaunchPluginHandler/MODLAUNCHER]: Found launch plugins: [mixin,eventbus,slf4jfixer,object_holder_definalize,runtime_enum_extender,capability_token_subclass,accesstransformer,runtimedistcleaner]
[02Feb2026 03:00:09.029] [main/DEBUG] [cpw.mods.modlauncher.TransformationServicesHandler/MODLAUNCHER]: Discovering transformation services
[02Feb2026 03:00:09.034] [main/DEBUG] [net.minecraftforge.fml.loading.FMLPaths/CORE]: Path GAMEDIR is /workspaces/servidora/servidor_minecraft
[02Feb2026 03:00:09.035] [main/DEBUG] [net.minecraftforge.fml.loading.FMLPaths/CORE]: Path MODSDIR is /workspaces/servidora/servidor_minecraft/mods
[02Feb2026 03:00:09.035] [main/DEBUG] [net.minecraftforge.fml.loading.FMLPaths/CORE]: Path CONFIGDIR is /workspaces/servidora/servidor_minecraft/config
[02Feb2026 03:00:09.035] [main/DEBUG] [net.minecraftforge.fml.loading.FMLPaths/CORE]: Path FMLCONFIG is /workspaces/servidora/servidor_minecraft/config/fml.toml
[02Feb2026 03:00:10.052] [main/DEBUG] [cpw.mods.modlauncher.TransformationServicesHandler/MODLAUNCHER]: Found additional transformation services from discovery services: 
[02Feb2026 03:00:10.058] [main/INFO] [net.minecraftforge.fml.loading.ImmediateWindowHandler/]: ImmediateWindowProvider not loading because launch target is forgeserver
[02Feb2026 03:00:10.064] [main/DEBUG] [cpw.mods.modlauncher.TransformationServicesHandler/MODLAUNCHER]: Found transformer services : [mixin,fml]
[02Feb2026 03:00:10.064] [main/DEBUG] [cpw.mods.modlauncher.TransformationServicesHandler/MODLAUNCHER]: Transformation services loading
[02Feb2026 03:00:10.065] [main/DEBUG] [cpw.mods.modlauncher.TransformationServiceDecorator/MODLAUNCHER]: Loading service mixin
[02Feb2026 03:00:10.065] [main/DEBUG] [cpw.mods.modlauncher.TransformationServiceDecorator/MODLAUNCHER]: Loaded service mixin
[02Feb2026 03:00:10.065] [main/DEBUG] [cpw.mods.modlauncher.TransformationServiceDecorator/MODLAUNCHER]: Loading service fml
[02Feb2026 03:00:10.066] [main/DEBUG] [net.minecraftforge.fml.loading.LauncherVersion/CORE]: Found FMLLauncher version 1.0
[02Feb2026 03:00:10.066] [main/DEBUG] [net.minecraftforge.fml.loading.FMLLoader/CORE]: FML 1.0 loading
[02Feb2026 03:00:10.067] [main/DEBUG] [net.minecraftforge.fml.loading.FMLLoader/CORE]: FML found ModLauncher version : 10.0.9+10.0.9+main.dcd20f30
[02Feb2026 03:00:10.067] [main/DEBUG] [net.minecraftforge.fml.loading.FMLLoader/CORE]: Requesting CoreMods to not apply the fix for ASMAPI.findFirstInstructionBefore by default
[02Feb2026 03:00:10.067] [main/DEBUG] [net.minecraftforge.fml.loading.FMLLoader/CORE]: FML found AccessTransformer version : 8.0.4+66+master.c09db6d7
[02Feb2026 03:00:10.067] [main/DEBUG] [net.minecraftforge.fml.loading.FMLLoader/CORE]: FML found EventBus version : 6.0.5+6.0.5+master.eb8e549b
[02Feb2026 03:00:10.068] [main/DEBUG] [net.minecraftforge.fml.loading.FMLLoader/CORE]: Found Runtime Dist Cleaner
[02Feb2026 03:00:10.069] [main/DEBUG] [net.minecraftforge.coremod.CoreModEngine/]: CoreMods will preserve legacy behavior of ASMAPI.findFirstInstructionBefore for backwards-compatibility
[02Feb2026 03:00:10.070] [main/DEBUG] [net.minecraftforge.fml.loading.FMLLoader/CORE]: FML found CoreMod version : 5.2.4
[02Feb2026 03:00:10.070] [main/DEBUG] [net.minecraftforge.fml.loading.FMLLoader/CORE]: Found ForgeSPI package implementation version 7.0.1+7.0.1+master.d2b38bf6
[02Feb2026 03:00:10.070] [main/DEBUG] [net.minecraftforge.fml.loading.FMLLoader/CORE]: Found ForgeSPI package specification 5
[02Feb2026 03:00:10.070] [main/DEBUG] [cpw.mods.modlauncher.TransformationServiceDecorator/MODLAUNCHER]: Loaded service fml
[02Feb2026 03:00:10.071] [main/DEBUG] [cpw.mods.modlauncher.TransformationServicesHandler/MODLAUNCHER]: Configuring option handling for services
[02Feb2026 03:00:10.078] [main/DEBUG] [cpw.mods.modlauncher.TransformationServicesHandler/MODLAUNCHER]: Transformation services initializing
[02Feb2026 03:00:10.079] [main/DEBUG] [cpw.mods.modlauncher.TransformationServiceDecorator/MODLAUNCHER]: Initializing transformation service mixin
[02Feb2026 03:00:10.098] [main/DEBUG] [mixin/]: MixinService [ModLauncher] was successfully booted in cpw.mods.cl.ModuleClassLoader@7a3d45bd
[02Feb2026 03:00:10.146] [main/INFO] [mixin/]: SpongePowered MIXIN Subsystem Version=0.8.5 Source=union:/workspaces/servidora/servidor_minecraft/libraries/org/spongepowered/mixin/0.8.5/mixin-0.8.5.jar%2365!/ Service=ModLauncher Env=SERVER
[02Feb2026 03:00:10.150] [main/DEBUG] [mixin/]: Initialising Mixin Platform Manager
[02Feb2026 03:00:10.150] [main/DEBUG] [mixin/]: Adding mixin platform agents for container ModLauncher Root Container(ModLauncher:4f56a0a2)
[02Feb2026 03:00:10.150] [main/DEBUG] [mixin/]: Instancing new MixinPlatformAgentMinecraftForge for ModLauncher Root Container(ModLauncher:4f56a0a2)
[02Feb2026 03:00:10.151] [main/DEBUG] [mixin/]: MixinPlatformAgentMinecraftForge rejected container ModLauncher Root Container(ModLauncher:4f56a0a2)
[02Feb2026 03:00:10.151] [main/DEBUG] [mixin/]: Instancing new MixinPlatformAgentDefault for ModLauncher Root Container(ModLauncher:4f56a0a2)
[02Feb2026 03:00:10.151] [main/DEBUG] [mixin/]: MixinPlatformAgentDefault accepted container ModLauncher Root Container(ModLauncher:4f56a0a2)
[02Feb2026 03:00:10.155] [main/DEBUG] [cpw.mods.modlauncher.TransformationServiceDecorator/MODLAUNCHER]: Initialized transformation service mixin
[02Feb2026 03:00:10.155] [main/DEBUG] [cpw.mods.modlauncher.TransformationServiceDecorator/MODLAUNCHER]: Initializing transformation service fml
[02Feb2026 03:00:10.155] [main/DEBUG] [net.minecraftforge.fml.loading.FMLServiceProvider/CORE]: Setting up basic FML game directories
[02Feb2026 03:00:10.155] [main/DEBUG] [net.minecraftforge.fml.loading.FMLPaths/CORE]: Path GAMEDIR is /workspaces/servidora/servidor_minecraft
[02Feb2026 03:00:10.155] [main/DEBUG] [net.minecraftforge.fml.loading.FMLPaths/CORE]: Path MODSDIR is /workspaces/servidora/servidor_minecraft/mods
[02Feb2026 03:00:10.156] [main/DEBUG] [net.minecraftforge.fml.loading.FMLPaths/CORE]: Path CONFIGDIR is /workspaces/servidora/servidor_minecraft/config
[02Feb2026 03:00:10.156] [main/DEBUG] [net.minecraftforge.fml.loading.FMLPaths/CORE]: Path FMLCONFIG is /workspaces/servidora/servidor_minecraft/config/fml.toml
[02Feb2026 03:00:10.156] [main/DEBUG] [net.minecraftforge.fml.loading.FMLServiceProvider/CORE]: Loading configuration
[02Feb2026 03:00:10.158] [main/DEBUG] [net.minecraftforge.fml.loading.FMLServiceProvider/CORE]: Preparing ModFile
[02Feb2026 03:00:10.161] [main/DEBUG] [net.minecraftforge.fml.loading.FMLServiceProvider/CORE]: Preparing launch handler
[02Feb2026 03:00:10.161] [main/DEBUG] [net.minecraftforge.fml.loading.FMLLoader/CORE]: Using forgeserver as launch service
[02Feb2026 03:00:10.176] [main/DEBUG] [net.minecraftforge.fml.loading.FMLLoader/CORE]: Received command line version data  : VersionInfo[forgeVersion=47.4.10, mcVersion=1.20.1, mcpVersion=20230612.114412, forgeGroup=net.minecraftforge]
[02Feb2026 03:00:10.177] [main/DEBUG] [cpw.mods.modlauncher.TransformationServiceDecorator/MODLAUNCHER]: Initialized transformation service fml
[02Feb2026 03:00:10.178] [main/DEBUG] [cpw.mods.modlauncher.NameMappingServiceHandler/MODLAUNCHER]: Current naming domain is 'srg'
[02Feb2026 03:00:10.178] [main/DEBUG] [cpw.mods.modlauncher.NameMappingServiceHandler/MODLAUNCHER]: Identified name mapping providers {}
[02Feb2026 03:00:10.178] [main/DEBUG] [cpw.mods.modlauncher.TransformationServicesHandler/MODLAUNCHER]: Transformation services begin scanning
[02Feb2026 03:00:10.179] [main/DEBUG] [cpw.mods.modlauncher.TransformationServiceDecorator/MODLAUNCHER]: Beginning scan trigger - transformation service mixin
[02Feb2026 03:00:10.179] [main/DEBUG] [cpw.mods.modlauncher.TransformationServiceDecorator/MODLAUNCHER]: End scan trigger - transformation service mixin
[02Feb2026 03:00:10.179] [main/DEBUG] [cpw.mods.modlauncher.TransformationServiceDecorator/MODLAUNCHER]: Beginning scan trigger - transformation service fml
[02Feb2026 03:00:10.179] [main/DEBUG] [net.minecraftforge.fml.loading.FMLServiceProvider/CORE]: Initiating mod scan
[02Feb2026 03:00:10.187] [main/DEBUG] [net.minecraftforge.fml.loading.moddiscovery.ModListHandler/CORE]: Found mod coordinates from lists: []
[02Feb2026 03:00:10.190] [main/DEBUG] [net.minecraftforge.fml.loading.moddiscovery.ModDiscoverer/CORE]: Found Mod Locators : (mods folder:null),(maven libs:null),(exploded directory:null),(minecraft:null),(userdev classpath:null)
[02Feb2026 03:00:10.191] [main/DEBUG] [net.minecraftforge.fml.loading.moddiscovery.ModDiscoverer/CORE]: Found Dependency Locators : (JarInJar:null)
[02Feb2026 03:00:10.196] [main/DEBUG] [net.minecraftforge.fml.loading.moddiscovery.ModFileParser/LOADING]: Considering mod file candidate /workspaces/servidora/servidor_minecraft/mods/AddurDisc-Forge-1.20.x-1.2.jar
[02Feb2026 03:00:10.235] [main/DEBUG] [net.minecraftforge.fml.loading.moddiscovery.ModFileInfo/LOADING]: Found valid mod file AddurDisc-Forge-1.20.x-1.2.jar with {addurdisc} mods - versions {1.2}
[02Feb2026 03:00:10.237] [main/DEBUG] [net.minecraftforge.fml.loading.moddiscovery.ModFileParser/LOADING]: Considering mod file candidate /workspaces/servidora/servidor_minecraft/mods/architectury-9.2.14-forge.jar
[02Feb2026 03:00:10.240] [main/DEBUG] [net.minecraftforge.fml.loading.moddiscovery.ModFileInfo/LOADING]: Found valid mod file architectury-9.2.14-forge.jar with {architectury} mods - versions {9.2.14}
[02Feb2026 03:00:10.244] [main/DEBUG] [net.minecraftforge.fml.loading.moddiscovery.ModFileParser/LOADING]: Considering mod file candidate /workspaces/servidora/servidor_minecraft/mods/configured-forge-1.20.1-2.2.3 (1).jar
[02Feb2026 03:00:10.246] [main/DEBUG] [net.minecraftforge.fml.loading.moddiscovery.ModFileInfo/LOADING]: Found valid mod file configured-forge-1.20.1-2.2.3 (1).jar with {configured} mods - versions {2.2.3}
[02Feb2026 03:00:10.247] [main/DEBUG] [net.minecraftforge.fml.loading.moddiscovery.ModFileParser/LOADING]: Considering mod file candidate /workspaces/servidora/servidor_minecraft/mods/geckolib-forge-1.20.1-4.8.1.jar
[02Feb2026 03:00:10.248] [main/DEBUG] [net.minecraftforge.fml.loading.moddiscovery.ModFileInfo/LOADING]: Found valid mod file geckolib-forge-1.20.1-4.8.1.jar with {geckolib} mods - versions {4.8.1}
[02Feb2026 03:00:10.249] [main/DEBUG] [net.minecraftforge.fml.loading.moddiscovery.ModFileParser/LOADING]: Considering mod file candidate /workspaces/servidora/servidor_minecraft/mods/moderner-beta-forge-4.0.4+1.20.1.jar
[02Feb2026 03:00:10.251] [main/DEBUG] [net.minecraftforge.fml.loading.moddiscovery.ModFileInfo/LOADING]: Found valid mod file moderner-beta-forge-4.0.4+1.20.1.jar with {moderner_beta} mods - versions {4.0.4+1.20.1}
[02Feb2026 03:00:10.252] [main/DEBUG] [net.minecraftforge.fml.loading.moddiscovery.ModFileParser/LOADING]: Considering mod file candidate /workspaces/servidora/servidor_minecraft/mods/NostalgicTweaks-mc1.20.1-Forge-2.0.0-beta.922.jar
[02Feb2026 03:00:10.254] [main/DEBUG] [net.minecraftforge.fml.loading.moddiscovery.ModFileInfo/LOADING]: Found valid mod file NostalgicTweaks-mc1.20.1-Forge-2.0.0-beta.922.jar with {nostalgic_tweaks} mods - versions {2.0.0-beta.922}
[02Feb2026 03:00:10.258] [main/DEBUG] [net.minecraftforge.fml.loading.moddiscovery.ModFileParser/LOADING]: Considering mod file candidate /workspaces/servidora/servidor_minecraft/mods/the_wonderland-2.0.0-1.20.1.jar
[02Feb2026 03:00:10.260] [main/DEBUG] [net.minecraftforge.fml.loading.moddiscovery.ModFileInfo/LOADING]: Found valid mod file the_wonderland-2.0.0-1.20.1.jar with {the_wonderland} mods - versions {2.0.0}
[02Feb2026 03:00:10.487] [main/DEBUG] [net.minecraftforge.fml.loading.moddiscovery.ModFileInfo/LOADING]: Found valid mod file server-1.20.1-20230612.114412-srg.jar with {minecraft} mods - versions {1.20.1}
[02Feb2026 03:00:10.570] [main/DEBUG] [net.minecraftforge.fml.loading.moddiscovery.ModFileParser/LOADING]: Considering mod file candidate /workspaces/servidora/servidor_minecraft/libraries/net/minecraftforge/fmlcore/1.20.1-47.4.10/fmlcore-1.20.1-47.4.10.jar
[02Feb2026 03:00:10.570] [main/WARN] [net.minecraftforge.fml.loading.moddiscovery.ModFileParser/LOADING]: Mod file /workspaces/servidora/servidor_minecraft/libraries/net/minecraftforge/fmlcore/1.20.1-47.4.10/fmlcore-1.20.1-47.4.10.jar is missing mods.toml file
[02Feb2026 03:00:10.574] [main/DEBUG] [net.minecraftforge.fml.loading.moddiscovery.ModFileParser/LOADING]: Considering mod file candidate /workspaces/servidora/servidor_minecraft/libraries/net/minecraftforge/javafmllanguage/1.20.1-47.4.10/javafmllanguage-1.20.1-47.4.10.jar
[02Feb2026 03:00:10.574] [main/WARN] [net.minecraftforge.fml.loading.moddiscovery.ModFileParser/LOADING]: Mod file /workspaces/servidora/servidor_minecraft/libraries/net/minecraftforge/javafmllanguage/1.20.1-47.4.10/javafmllanguage-1.20.1-47.4.10.jar is missing mods.toml file
[02Feb2026 03:00:10.575] [main/DEBUG] [net.minecraftforge.fml.loading.moddiscovery.ModFileParser/LOADING]: Considering mod file candidate /workspaces/servidora/servidor_minecraft/libraries/net/minecraftforge/lowcodelanguage/1.20.1-47.4.10/lowcodelanguage-1.20.1-47.4.10.jar
[02Feb2026 03:00:10.575] [main/WARN] [net.minecraftforge.fml.loading.moddiscovery.ModFileParser/LOADING]: Mod file /workspaces/servidora/servidor_minecraft/libraries/net/minecraftforge/lowcodelanguage/1.20.1-47.4.10/lowcodelanguage-1.20.1-47.4.10.jar is missing mods.toml file
[02Feb2026 03:00:10.576] [main/DEBUG] [net.minecraftforge.fml.loading.moddiscovery.ModFileParser/LOADING]: Considering mod file candidate /workspaces/servidora/servidor_minecraft/libraries/net/minecraftforge/mclanguage/1.20.1-47.4.10/mclanguage-1.20.1-47.4.10.jar
[02Feb2026 03:00:10.576] [main/WARN] [net.minecraftforge.fml.loading.moddiscovery.ModFileParser/LOADING]: Mod file /workspaces/servidora/servidor_minecraft/libraries/net/minecraftforge/mclanguage/1.20.1-47.4.10/mclanguage-1.20.1-47.4.10.jar is missing mods.toml file
[02Feb2026 03:00:10.633] [main/DEBUG] [net.minecraftforge.fml.loading.moddiscovery.ModFileParser/LOADING]: Considering mod file candidate /workspaces/servidora/servidor_minecraft/libraries/net/minecraftforge/forge/1.20.1-47.4.10/forge-1.20.1-47.4.10-universal.jar
[02Feb2026 03:00:10.634] [main/DEBUG] [net.minecraftforge.fml.loading.moddiscovery.ModFileInfo/LOADING]: Found valid mod file forge-1.20.1-47.4.10-universal.jar with {forge} mods - versions {47.4.10}
[02Feb2026 03:00:10.646] [main/DEBUG] [net.minecraftforge.fml.loading.moddiscovery.AbstractJarFileDependencyLocator/]: Failed to load resource META-INF/jarjar/metadata.json from server-1.20.1-20230612.114412-srg.jar, it does not contain dependency information.
[02Feb2026 03:00:10.646] [main/DEBUG] [net.minecraftforge.fml.loading.moddiscovery.AbstractJarFileDependencyLocator/]: Failed to load resource META-INF/jarjar/metadata.json from configured-forge-1.20.1-2.2.3 (1).jar, it does not contain dependency information.
[02Feb2026 03:00:10.646] [main/DEBUG] [net.minecraftforge.fml.loading.moddiscovery.AbstractJarFileDependencyLocator/]: Failed to load resource META-INF/jarjar/metadata.json from the_wonderland-2.0.0-1.20.1.jar, it does not contain dependency information.
[02Feb2026 03:00:10.646] [main/DEBUG] [net.minecraftforge.fml.loading.moddiscovery.AbstractJarFileDependencyLocator/]: Failed to load resource META-INF/jarjar/metadata.json from forge-1.20.1-47.4.10-universal.jar, it does not contain dependency information.
[02Feb2026 03:00:10.647] [main/DEBUG] [net.minecraftforge.fml.loading.moddiscovery.AbstractJarFileDependencyLocator/]: Failed to load resource META-INF/jarjar/metadata.json from architectury-9.2.14-forge.jar, it does not contain dependency information.
[02Feb2026 03:00:10.647] [main/DEBUG] [net.minecraftforge.fml.loading.moddiscovery.AbstractJarFileDependencyLocator/]: Failed to load resource META-INF/jarjar/metadata.json from AddurDisc-Forge-1.20.x-1.2.jar, it does not contain dependency information.
[02Feb2026 03:00:10.647] [main/DEBUG] [net.minecraftforge.fml.loading.moddiscovery.AbstractJarFileDependencyLocator/]: Failed to load resource META-INF/jarjar/metadata.json from mclanguage-1.20.1-47.4.10.jar, it does not contain dependency information.
[02Feb2026 03:00:10.647] [main/DEBUG] [net.minecraftforge.fml.loading.moddiscovery.AbstractJarFileDependencyLocator/]: Failed to load resource META-INF/jarjar/metadata.json from javafmllanguage-1.20.1-47.4.10.jar, it does not contain dependency information.
[02Feb2026 03:00:10.647] [main/DEBUG] [net.minecraftforge.fml.loading.moddiscovery.AbstractJarFileDependencyLocator/]: Failed to load resource META-INF/jarjar/metadata.json from fmlcore-1.20.1-47.4.10.jar, it does not contain dependency information.
[02Feb2026 03:00:10.647] [main/DEBUG] [net.minecraftforge.fml.loading.moddiscovery.AbstractJarFileDependencyLocator/]: Failed to load resource META-INF/jarjar/metadata.json from lowcodelanguage-1.20.1-47.4.10.jar, it does not contain dependency information.
[02Feb2026 03:00:10.772] [main/DEBUG] [net.minecraftforge.fml.loading.moddiscovery.ModFileParser/LOADING]: Considering mod file candidate 
[02Feb2026 03:00:10.773] [main/DEBUG] [net.minecraftforge.fml.loading.moddiscovery.ModFileInfo/LOADING]: Found valid mod file mixinextras-forge-0.4.0.jar with {mixinextras} mods - versions {0.4.0}
[02Feb2026 03:00:10.803] [main/DEBUG] [net.minecraftforge.fml.loading.moddiscovery.AbstractJarFileDependencyLocator/]: Failed to load resource META-INF/jarjar/metadata.json from mclib-20.jar, it does not contain dependency information.
[02Feb2026 03:00:10.803] [main/DEBUG] [net.minecraftforge.fml.loading.moddiscovery.AbstractJarFileDependencyLocator/]: Failed to load resource META-INF/jarjar/metadata.json from MixinExtras-0.4.0.jar, it does not contain dependency information.
[02Feb2026 03:00:10.803] [main/DEBUG] [net.minecraftforge.fml.loading.moddiscovery.AbstractJarFileDependencyLocator/]: Failed to load resource META-INF/jarjar/metadata.json from MixinExtras-0.5.0.jar, it does not contain dependency information.
[02Feb2026 03:00:10.863] [main/INFO] [net.minecraftforge.fml.loading.moddiscovery.JarInJarDependencyLocator/]: Found 3 dependencies adding them to mods collection
[02Feb2026 03:00:10.865] [main/DEBUG] [net.minecraftforge.fml.loading.moddiscovery.ModFileParser/LOADING]: Considering mod file candidate /workspaces/servidora/servidor_minecraft/mods/configured-forge-1.20.1-2.2.3 (1).jar
[02Feb2026 03:00:10.867] [main/DEBUG] [net.minecraftforge.fml.loading.moddiscovery.ModFileInfo/LOADING]: Found valid mod file configured-forge-1.20.1-2.2.3 (1).jar with {configured} mods - versions {2.2.3}
[02Feb2026 03:00:10.869] [main/DEBUG] [net.minecraftforge.fml.loading.moddiscovery.ModFile/LOADING]: Loading mod file /workspaces/servidora/servidor_minecraft/mods/configured-forge-1.20.1-2.2.3 (1).jar with languages [LanguageSpec[languageName=javafml, acceptedVersions=[39,)]]
[02Feb2026 03:00:10.870] [main/DEBUG] [net.minecraftforge.fml.loading.moddiscovery.ModFileInfo/LOADING]: Found valid mod file server-1.20.1-20230612.114412-srg.jar with {minecraft} mods - versions {1.20.1}
[02Feb2026 03:00:10.870] [main/DEBUG] [net.minecraftforge.fml.loading.moddiscovery.ModFile/LOADING]: Loading mod file /workspaces/servidora/servidor_minecraft/libraries/net/minecraft/server/1.20.1-20230612.114412/server-1.20.1-20230612.114412-srg.jar with languages [LanguageSpec[languageName=minecraft, acceptedVersions=1]]
[02Feb2026 03:00:10.870] [main/DEBUG] [net.minecraftforge.fml.loading.moddiscovery.ModFileParser/LOADING]: Considering mod file candidate /workspaces/servidora/servidor_minecraft/mods/moderner-beta-forge-4.0.4+1.20.1.jar
[02Feb2026 03:00:10.871] [main/DEBUG] [net.minecraftforge.fml.loading.moddiscovery.ModFileInfo/LOADING]: Found valid mod file moderner-beta-forge-4.0.4+1.20.1.jar with {moderner_beta} mods - versions {4.0.4+1.20.1}
[02Feb2026 03:00:10.871] [main/DEBUG] [net.minecraftforge.fml.loading.moddiscovery.ModFile/LOADING]: Loading mod file /workspaces/servidora/servidor_minecraft/mods/moderner-beta-forge-4.0.4+1.20.1.jar with languages [LanguageSpec[languageName=javafml, acceptedVersions=[1,)]]
[02Feb2026 03:00:10.871] [main/DEBUG] [net.minecraftforge.fml.loading.moddiscovery.ModFileParser/LOADING]: Considering mod file candidate /workspaces/servidora/servidor_minecraft/mods/the_wonderland-2.0.0-1.20.1.jar
[02Feb2026 03:00:10.872] [main/DEBUG] [net.minecraftforge.fml.loading.moddiscovery.ModFileInfo/LOADING]: Found valid mod file the_wonderland-2.0.0-1.20.1.jar with {the_wonderland} mods - versions {2.0.0}
[02Feb2026 03:00:10.872] [main/DEBUG] [net.minecraftforge.fml.loading.moddiscovery.ModFile/LOADING]: Loading mod file /workspaces/servidora/servidor_minecraft/mods/the_wonderland-2.0.0-1.20.1.jar with languages [LanguageSpec[languageName=javafml, acceptedVersions=[47,)]]
[02Feb2026 03:00:10.872] [main/DEBUG] [net.minecraftforge.fml.loading.moddiscovery.ModFileParser/LOADING]: Considering mod file candidate /workspaces/servidora/servidor_minecraft/libraries/net/minecraftforge/forge/1.20.1-47.4.10/forge-1.20.1-47.4.10-universal.jar
[02Feb2026 03:00:10.873] [main/DEBUG] [net.minecraftforge.fml.loading.moddiscovery.ModFileInfo/LOADING]: Found valid mod file forge-1.20.1-47.4.10-universal.jar with {forge} mods - versions {47.4.10}
[02Feb2026 03:00:10.873] [main/DEBUG] [net.minecraftforge.fml.loading.moddiscovery.ModFile/LOADING]: Loading mod file /workspaces/servidora/servidor_minecraft/libraries/net/minecraftforge/forge/1.20.1-47.4.10/forge-1.20.1-47.4.10-universal.jar with languages [LanguageSpec[languageName=javafml, acceptedVersions=[24,]]]
[02Feb2026 03:00:10.875] [main/DEBUG] [net.minecraftforge.fml.loading.moddiscovery.ModFileParser/LOADING]: Found coremod field_to_method with Javascript path coremods/field_to_method.js
[02Feb2026 03:00:10.875] [main/DEBUG] [net.minecraftforge.fml.loading.moddiscovery.ModFileParser/LOADING]: Found coremod field_to_instanceof with Javascript path coremods/field_to_instanceof.js
[02Feb2026 03:00:10.876] [main/DEBUG] [net.minecraftforge.fml.loading.moddiscovery.ModFileParser/LOADING]: Found coremod add_bouncer_method with Javascript path coremods/add_bouncer_method.js
[02Feb2026 03:00:10.876] [main/DEBUG] [net.minecraftforge.fml.loading.moddiscovery.ModFileParser/LOADING]: Found coremod method_redirector with Javascript path coremods/method_redirector.js
[02Feb2026 03:00:10.876] [main/DEBUG] [net.minecraftforge.fml.loading.moddiscovery.ModFile/LOADING]: Found coremod coremods/field_to_method.js
[02Feb2026 03:00:10.876] [main/DEBUG] [net.minecraftforge.fml.loading.moddiscovery.ModFile/LOADING]: Found coremod coremods/field_to_instanceof.js
[02Feb2026 03:00:10.876] [main/DEBUG] [net.minecraftforge.fml.loading.moddiscovery.ModFile/LOADING]: Found coremod coremods/add_bouncer_method.js
[02Feb2026 03:00:10.876] [main/DEBUG] [net.minecraftforge.fml.loading.moddiscovery.ModFile/LOADING]: Found coremod coremods/method_redirector.js
[02Feb2026 03:00:10.876] [main/DEBUG] [net.minecraftforge.fml.loading.moddiscovery.ModFileParser/LOADING]: Considering mod file candidate /workspaces/servidora/servidor_minecraft/mods/geckolib-forge-1.20.1-4.8.1.jar
[02Feb2026 03:00:10.877] [main/DEBUG] [net.minecraftforge.fml.loading.moddiscovery.ModFileInfo/LOADING]: Found valid mod file geckolib-forge-1.20.1-4.8.1.jar with {geckolib} mods - versions {4.8.1}
[02Feb2026 03:00:10.877] [main/DEBUG] [net.minecraftforge.fml.loading.moddiscovery.ModFile/LOADING]: Loading mod file /workspaces/servidora/servidor_minecraft/mods/geckolib-forge-1.20.1-4.8.1.jar with languages [LanguageSpec[languageName=javafml, acceptedVersions=[47,)]]
[02Feb2026 03:00:10.877] [main/DEBUG] [net.minecraftforge.fml.loading.moddiscovery.ModFileParser/LOADING]: Considering mod file candidate /workspaces/servidora/servidor_minecraft/mods/architectury-9.2.14-forge.jar
[02Feb2026 03:00:10.878] [main/DEBUG] [net.minecraftforge.fml.loading.moddiscovery.ModFileInfo/LOADING]: Found valid mod file architectury-9.2.14-forge.jar with {architectury} mods - versions {9.2.14}
[02Feb2026 03:00:10.878] [main/DEBUG] [net.minecraftforge.fml.loading.moddiscovery.ModFile/LOADING]: Loading mod file /workspaces/servidora/servidor_minecraft/mods/architectury-9.2.14-forge.jar with languages [LanguageSpec[languageName=javafml, acceptedVersions=[46,)]]
[02Feb2026 03:00:10.878] [main/DEBUG] [net.minecraftforge.fml.loading.moddiscovery.ModFileParser/LOADING]: Considering mod file candidate /workspaces/servidora/servidor_minecraft/mods/AddurDisc-Forge-1.20.x-1.2.jar
[02Feb2026 03:00:10.879] [main/DEBUG] [net.minecraftforge.fml.loading.moddiscovery.ModFileInfo/LOADING]: Found valid mod file AddurDisc-Forge-1.20.x-1.2.jar with {addurdisc} mods - versions {1.2}
[02Feb2026 03:00:10.879] [main/DEBUG] [net.minecraftforge.fml.loading.moddiscovery.ModFile/LOADING]: Loading mod file /workspaces/servidora/servidor_minecraft/mods/AddurDisc-Forge-1.20.x-1.2.jar with languages [LanguageSpec[languageName=javafml, acceptedVersions=[46,)]]
[02Feb2026 03:00:10.879] [main/DEBUG] [net.minecraftforge.fml.loading.moddiscovery.ModFileParser/LOADING]: Considering mod file candidate /workspaces/servidora/servidor_minecraft/mods/NostalgicTweaks-mc1.20.1-Forge-2.0.0-beta.922.jar
[02Feb2026 03:00:10.879] [main/DEBUG] [net.minecraftforge.fml.loading.moddiscovery.ModFileInfo/LOADING]: Found valid mod file NostalgicTweaks-mc1.20.1-Forge-2.0.0-beta.922.jar with {nostalgic_tweaks} mods - versions {2.0.0-beta.922}
[02Feb2026 03:00:10.880] [main/DEBUG] [net.minecraftforge.fml.loading.moddiscovery.ModFile/LOADING]: Loading mod file /workspaces/servidora/servidor_minecraft/mods/NostalgicTweaks-mc1.20.1-Forge-2.0.0-beta.922.jar with languages [LanguageSpec[languageName=javafml, acceptedVersions=[47,)]]
[02Feb2026 03:00:10.880] [main/DEBUG] [net.minecraftforge.fml.loading.moddiscovery.ModFile/LOADING]: Loading mod file  with languages []
[02Feb2026 03:00:10.880] [main/DEBUG] [net.minecraftforge.fml.loading.moddiscovery.ModFile/LOADING]: Loading mod file  with languages []
[02Feb2026 03:00:10.880] [main/DEBUG] [net.minecraftforge.fml.loading.moddiscovery.ModFile/LOADING]: Loading mod file  with languages []
[02Feb2026 03:00:10.880] [main/DEBUG] [net.minecraftforge.fml.loading.moddiscovery.ModFile/LOADING]: Loading mod file  with languages []
[02Feb2026 03:00:10.880] [main/DEBUG] [net.minecraftforge.fml.loading.moddiscovery.ModFile/LOADING]: Loading mod file  with languages []
[02Feb2026 03:00:10.880] [main/DEBUG] [net.minecraftforge.fml.loading.moddiscovery.ModFile/LOADING]: Loading mod file  with languages []
[02Feb2026 03:00:10.881] [main/DEBUG] [cpw.mods.modlauncher.TransformationServiceDecorator/MODLAUNCHER]: End scan trigger - transformation service fml
[02Feb2026 03:00:10.891] [main/DEBUG] [net.minecraftforge.fml.loading.LanguageLoadingProvider/CORE]: Found 3 language providers
[02Feb2026 03:00:10.891] [main/DEBUG] [net.minecraftforge.fml.loading.LanguageLoadingProvider/CORE]: Found language provider minecraft, version 1.0
[02Feb2026 03:00:10.892] [main/DEBUG] [net.minecraftforge.fml.loading.LanguageLoadingProvider/CORE]: Found language provider lowcodefml, version 47
[02Feb2026 03:00:10.892] [main/DEBUG] [net.minecraftforge.fml.loading.LanguageLoadingProvider/CORE]: Found language provider javafml, version 47
[02Feb2026 03:00:10.895] [main/DEBUG] [net.minecraftforge.fml.loading.UniqueModListBuilder/]: Found 2 mods for first modid mclib, selecting most recent based on version data
[02Feb2026 03:00:10.896] [main/DEBUG] [net.minecraftforge.fml.loading.UniqueModListBuilder/]: Selected file mclib-20.jar for modid mclib with version 0.0NONE
[02Feb2026 03:00:10.896] [main/DEBUG] [net.minecraftforge.fml.loading.UniqueModListBuilder/]: Found 2 mods for first modid MixinExtras, selecting most recent based on version data
[02Feb2026 03:00:10.896] [main/DEBUG] [net.minecraftforge.fml.loading.UniqueModListBuilder/]: Selected file MixinExtras-0.5.0.jar for modid MixinExtras with version 0.5.0
[02Feb2026 03:00:10.896] [main/DEBUG] [net.minecraftforge.fml.loading.UniqueModListBuilder/]: Found 2 mods for first modid mixinextras, selecting most recent based on version data
[02Feb2026 03:00:10.897] [main/DEBUG] [net.minecraftforge.fml.loading.UniqueModListBuilder/]: Selected file mixinextras-forge-0.5.0.jar for modid mixinextras with version 0.5.0
[02Feb2026 03:00:10.898] [main/DEBUG] [net.minecraftforge.fml.loading.ModSorter/]: Configured system mods: [minecraft, forge]
[02Feb2026 03:00:10.898] [main/DEBUG] [net.minecraftforge.fml.loading.ModSorter/]: Found system mod: minecraft
[02Feb2026 03:00:10.898] [main/DEBUG] [net.minecraftforge.fml.loading.ModSorter/]: Found system mod: forge
[02Feb2026 03:00:10.900] [main/DEBUG] [net.minecraftforge.fml.loading.ModSorter/LOADING]: Found 17 mod requirements (14 mandatory, 3 optional)
[02Feb2026 03:00:10.901] [main/DEBUG] [net.minecraftforge.fml.loading.ModSorter/LOADING]: Found 0 mod requirements missing (0 mandatory, 0 optional)
[02Feb2026 03:00:11.437] [main/DEBUG] [cpw.mods.modlauncher.TransformationServicesHandler/MODLAUNCHER]: Transformation services loading transformers
[02Feb2026 03:00:11.437] [main/DEBUG] [cpw.mods.modlauncher.TransformationServiceDecorator/MODLAUNCHER]: Initializing transformers for transformation service mixin
[02Feb2026 03:00:11.438] [main/DEBUG] [cpw.mods.modlauncher.TransformationServiceDecorator/MODLAUNCHER]: Initialized transformers for transformation service mixin
[02Feb2026 03:00:11.438] [main/DEBUG] [cpw.mods.modlauncher.TransformationServiceDecorator/MODLAUNCHER]: Initializing transformers for transformation service fml
[02Feb2026 03:00:11.438] [main/DEBUG] [net.minecraftforge.fml.loading.FMLServiceProvider/CORE]: Loading coremod transformers
[02Feb2026 03:00:11.438] [main/DEBUG] [net.minecraftforge.coremod.CoreModEngine/COREMOD]: Loading CoreMod from coremods/field_to_method.js
[02Feb2026 03:00:11.715] [main/DEBUG] [net.minecraftforge.coremod.CoreModEngine/COREMOD]: CoreMod loaded successfully
[02Feb2026 03:00:11.715] [main/DEBUG] [net.minecraftforge.coremod.CoreModEngine/COREMOD]: Loading CoreMod from coremods/field_to_instanceof.js
[02Feb2026 03:00:11.785] [main/DEBUG] [net.minecraftforge.coremod.CoreModEngine/COREMOD]: CoreMod loaded successfully
[02Feb2026 03:00:11.785] [main/DEBUG] [net.minecraftforge.coremod.CoreModEngine/COREMOD]: Loading CoreMod from coremods/add_bouncer_method.js
[02Feb2026 03:00:11.819] [main/DEBUG] [net.minecraftforge.coremod.CoreModEngine/COREMOD]: CoreMod loaded successfully
[02Feb2026 03:00:11.819] [main/DEBUG] [net.minecraftforge.coremod.CoreModEngine/COREMOD]: Loading CoreMod from coremods/method_redirector.js
[02Feb2026 03:00:11.886] [main/DEBUG] [net.minecraftforge.coremod.CoreModEngine/COREMOD]: CoreMod loaded successfully
[02Feb2026 03:00:11.896] [main/DEBUG] [cpw.mods.modlauncher.TransformStore/MODLAUNCHER]: Adding transformer net.minecraftforge.coremod.transformer.CoreModClassTransformer@2f521c4 to Target : CLASS {Lnet/minecraft/world/level/biome/Biome;} {} {V}
[02Feb2026 03:00:11.898] [main/DEBUG] [cpw.mods.modlauncher.TransformStore/MODLAUNCHER]: Adding transformer net.minecraftforge.coremod.transformer.CoreModClassTransformer@1b7332a7 to Target : CLASS {Lnet/minecraft/world/level/levelgen/structure/Structure;} {} {V}
[02Feb2026 03:00:11.898] [main/DEBUG] [cpw.mods.modlauncher.TransformStore/MODLAUNCHER]: Adding transformer net.minecraftforge.coremod.transformer.CoreModClassTransformer@77c233af to Target : CLASS {Lnet/minecraft/world/effect/MobEffectInstance;} {} {V}
[02Feb2026 03:00:11.898] [main/DEBUG] [cpw.mods.modlauncher.TransformStore/MODLAUNCHER]: Adding transformer net.minecraftforge.coremod.transformer.CoreModClassTransformer@37b56ac7 to Target : CLASS {Lnet/minecraft/world/level/block/LiquidBlock;} {} {V}
[02Feb2026 03:00:11.898] [main/DEBUG] [cpw.mods.modlauncher.TransformStore/MODLAUNCHER]: Adding transformer net.minecraftforge.coremod.transformer.CoreModClassTransformer@37c41ec0 to Target : CLASS {Lnet/minecraft/world/item/BucketItem;} {} {V}
[02Feb2026 03:00:11.898] [main/DEBUG] [cpw.mods.modlauncher.TransformStore/MODLAUNCHER]: Adding transformer net.minecraftforge.coremod.transformer.CoreModClassTransformer@35a0e495 to Target : CLASS {Lnet/minecraft/world/level/block/StairBlock;} {} {V}
[02Feb2026 03:00:11.899] [main/DEBUG] [cpw.mods.modlauncher.TransformStore/MODLAUNCHER]: Adding transformer net.minecraftforge.coremod.transformer.CoreModClassTransformer@5399f6c5 to Target : CLASS {Lnet/minecraft/world/level/block/FlowerPotBlock;} {} {V}
[02Feb2026 03:00:11.899] [main/DEBUG] [cpw.mods.modlauncher.TransformStore/MODLAUNCHER]: Adding transformer net.minecraftforge.coremod.transformer.CoreModClassTransformer@4fe64d23 to Target : CLASS {Lnet/minecraft/world/item/ItemStack;} {} {V}
[02Feb2026 03:00:11.899] [main/DEBUG] [cpw.mods.modlauncher.TransformStore/MODLAUNCHER]: Adding transformer net.minecraftforge.coremod.transformer.CoreModClassTransformer@58437801 to Target : CLASS {Lnet/minecraft/network/play/client/CClientSettingsPacket;} {} {V}
[02Feb2026 03:00:11.899] [main/DEBUG] [cpw.mods.modlauncher.TransformStore/MODLAUNCHER]: Adding transformer net.minecraftforge.coremod.transformer.CoreModClassTransformer@6af5bbd0 to Target : CLASS {Lnet/minecraft/world/entity/animal/horse/SkeletonTrapGoal;} {} {V}
[02Feb2026 03:00:11.899] [main/DEBUG] [cpw.mods.modlauncher.TransformStore/MODLAUNCHER]: Adding transformer net.minecraftforge.coremod.transformer.CoreModClassTransformer@6af5bbd0 to Target : CLASS {Lnet/minecraft/world/entity/monster/Strider;} {} {V}
[02Feb2026 03:00:11.899] [main/DEBUG] [cpw.mods.modlauncher.TransformStore/MODLAUNCHER]: Adding transformer net.minecraftforge.coremod.transformer.CoreModClassTransformer@6af5bbd0 to Target : CLASS {Lnet/minecraft/world/level/NaturalSpawner;} {} {V}
[02Feb2026 03:00:11.900] [main/DEBUG] [cpw.mods.modlauncher.TransformStore/MODLAUNCHER]: Adding transformer net.minecraftforge.coremod.transformer.CoreModClassTransformer@6af5bbd0 to Target : CLASS {Lnet/minecraft/world/level/levelgen/structure/structures/SwampHutPiece;} {} {V}
[02Feb2026 03:00:11.900] [main/DEBUG] [cpw.mods.modlauncher.TransformStore/MODLAUNCHER]: Adding transformer net.minecraftforge.coremod.transformer.CoreModClassTransformer@6af5bbd0 to Target : CLASS {Lnet/minecraft/server/commands/SummonCommand;} {} {V}
[02Feb2026 03:00:11.900] [main/DEBUG] [cpw.mods.modlauncher.TransformStore/MODLAUNCHER]: Adding transformer net.minecraftforge.coremod.transformer.CoreModClassTransformer@6af5bbd0 to Target : CLASS {Lnet/minecraft/world/entity/npc/CatSpawner;} {} {V}
[02Feb2026 03:00:11.900] [main/DEBUG] [cpw.mods.modlauncher.TransformStore/MODLAUNCHER]: Adding transformer net.minecraftforge.coremod.transformer.CoreModClassTransformer@6af5bbd0 to Target : CLASS {Lnet/minecraft/world/level/levelgen/PatrolSpawner;} {} {V}
[02Feb2026 03:00:11.900] [main/DEBUG] [cpw.mods.modlauncher.TransformStore/MODLAUNCHER]: Adding transformer net.minecraftforge.coremod.transformer.CoreModClassTransformer@6af5bbd0 to Target : CLASS {Lnet/minecraft/world/entity/monster/Spider;} {} {V}
[02Feb2026 03:00:11.900] [main/DEBUG] [cpw.mods.modlauncher.TransformStore/MODLAUNCHER]: Adding transformer net.minecraftforge.coremod.transformer.CoreModClassTransformer@6af5bbd0 to Target : CLASS {Lnet/minecraft/world/level/levelgen/PhantomSpawner;} {} {V}
[02Feb2026 03:00:11.900] [main/DEBUG] [cpw.mods.modlauncher.TransformStore/MODLAUNCHER]: Adding transformer net.minecraftforge.coremod.transformer.CoreModClassTransformer@6af5bbd0 to Target : CLASS {Lnet/minecraft/world/level/levelgen/structure/structures/WoodlandMansionPieces$WoodlandMansionPiece;} {} {V}
[02Feb2026 03:00:11.900] [main/DEBUG] [cpw.mods.modlauncher.TransformStore/MODLAUNCHER]: Adding transformer net.minecraftforge.coremod.transformer.CoreModClassTransformer@6af5bbd0 to Target : CLASS {Lnet/minecraft/world/entity/monster/Evoker$EvokerSummonSpellGoal;} {} {V}
[02Feb2026 03:00:11.901] [main/DEBUG] [cpw.mods.modlauncher.TransformStore/MODLAUNCHER]: Adding transformer net.minecraftforge.coremod.transformer.CoreModClassTransformer@6af5bbd0 to Target : CLASS {Lnet/minecraft/world/level/levelgen/structure/templatesystem/StructureTemplate;} {} {V}
[02Feb2026 03:00:11.901] [main/DEBUG] [cpw.mods.modlauncher.TransformStore/MODLAUNCHER]: Adding transformer net.minecraftforge.coremod.transformer.CoreModClassTransformer@6af5bbd0 to Target : CLASS {Lnet/minecraft/world/entity/EntityType;} {} {V}
[02Feb2026 03:00:11.901] [main/DEBUG] [cpw.mods.modlauncher.TransformStore/MODLAUNCHER]: Adding transformer net.minecraftforge.coremod.transformer.CoreModClassTransformer@6af5bbd0 to Target : CLASS {Lnet/minecraft/world/entity/npc/Villager;} {} {V}
[02Feb2026 03:00:11.901] [main/DEBUG] [cpw.mods.modlauncher.TransformStore/MODLAUNCHER]: Adding transformer net.minecraftforge.coremod.transformer.CoreModClassTransformer@6af5bbd0 to Target : CLASS {Lnet/minecraft/world/level/levelgen/structure/structures/OceanMonumentPieces$OceanMonumentPiece;} {} {V}
[02Feb2026 03:00:11.901] [main/DEBUG] [cpw.mods.modlauncher.TransformStore/MODLAUNCHER]: Adding transformer net.minecraftforge.coremod.transformer.CoreModClassTransformer@6af5bbd0 to Target : CLASS {Lnet/minecraft/server/commands/RaidCommand;} {} {V}
[02Feb2026 03:00:11.901] [main/DEBUG] [cpw.mods.modlauncher.TransformStore/MODLAUNCHER]: Adding transformer net.minecraftforge.coremod.transformer.CoreModClassTransformer@6af5bbd0 to Target : CLASS {Lnet/minecraft/world/entity/animal/frog/Tadpole;} {} {V}
[02Feb2026 03:00:11.901] [main/DEBUG] [cpw.mods.modlauncher.TransformStore/MODLAUNCHER]: Adding transformer net.minecraftforge.coremod.transformer.CoreModClassTransformer@6af5bbd0 to Target : CLASS {Lnet/minecraft/world/entity/monster/ZombieVillager;} {} {V}
[02Feb2026 03:00:11.901] [main/DEBUG] [cpw.mods.modlauncher.TransformStore/MODLAUNCHER]: Adding transformer net.minecraftforge.coremod.transformer.CoreModClassTransformer@6af5bbd0 to Target : CLASS {Lnet/minecraft/world/level/levelgen/structure/structures/OceanRuinPieces$OceanRuinPiece;} {} {V}
[02Feb2026 03:00:11.901] [main/DEBUG] [cpw.mods.modlauncher.TransformStore/MODLAUNCHER]: Adding transformer net.minecraftforge.coremod.transformer.CoreModClassTransformer@6af5bbd0 to Target : CLASS {Lnet/minecraft/world/entity/monster/Zombie;} {} {V}
[02Feb2026 03:00:11.902] [main/DEBUG] [cpw.mods.modlauncher.TransformStore/MODLAUNCHER]: Adding transformer net.minecraftforge.coremod.transformer.CoreModClassTransformer@6af5bbd0 to Target : CLASS {Lnet/minecraft/world/entity/raid/Raid;} {} {V}
[02Feb2026 03:00:11.902] [main/DEBUG] [cpw.mods.modlauncher.TransformStore/MODLAUNCHER]: Adding transformer net.minecraftforge.coremod.transformer.CoreModClassTransformer@6af5bbd0 to Target : CLASS {Lnet/minecraft/world/entity/ai/village/VillageSiege;} {} {V}
[02Feb2026 03:00:11.902] [main/DEBUG] [cpw.mods.modlauncher.TransformationServiceDecorator/MODLAUNCHER]: Initialized transformers for transformation service fml
[02Feb2026 03:00:12.699] [main/DEBUG] [mixin/]: Processing prepare() for PlatformAgent[MixinPlatformAgentDefault:ModLauncher Root Container(ModLauncher:4f56a0a2)]
[02Feb2026 03:00:12.699] [main/DEBUG] [mixin/]: Processing launch tasks for PlatformAgent[MixinPlatformAgentDefault:ModLauncher Root Container(ModLauncher:4f56a0a2)]
[02Feb2026 03:00:12.699] [main/DEBUG] [mixin/]: Adding mixin platform agents for container SecureJarResource(minecraft)
[02Feb2026 03:00:12.700] [main/DEBUG] [mixin/]: Instancing new MixinPlatformAgentMinecraftForge for SecureJarResource(minecraft)
[02Feb2026 03:00:12.700] [main/DEBUG] [mixin/]: MixinPlatformAgentMinecraftForge rejected container SecureJarResource(minecraft)
[02Feb2026 03:00:12.700] [main/DEBUG] [mixin/]: Instancing new MixinPlatformAgentDefault for SecureJarResource(minecraft)
[02Feb2026 03:00:12.700] [main/DEBUG] [mixin/]: MixinPlatformAgentDefault accepted container SecureJarResource(minecraft)
[02Feb2026 03:00:12.700] [main/DEBUG] [mixin/]: Processing prepare() for PlatformAgent[MixinPlatformAgentDefault:SecureJarResource(minecraft)]
[02Feb2026 03:00:12.700] [main/DEBUG] [mixin/]: Adding mixin platform agents for container SecureJarResource(configured)
[02Feb2026 03:00:12.700] [main/DEBUG] [mixin/]: Instancing new MixinPlatformAgentMinecraftForge for SecureJarResource(configured)
[02Feb2026 03:00:12.700] [main/DEBUG] [mixin/]: MixinPlatformAgentMinecraftForge rejected container SecureJarResource(configured)
[02Feb2026 03:00:12.700] [main/DEBUG] [mixin/]: Instancing new MixinPlatformAgentDefault for SecureJarResource(configured)
[02Feb2026 03:00:12.701] [main/DEBUG] [mixin/]: MixinPlatformAgentDefault accepted container SecureJarResource(configured)
[02Feb2026 03:00:12.701] [main/DEBUG] [mixin/]: Processing prepare() for PlatformAgent[MixinPlatformAgentDefault:SecureJarResource(configured)]
[02Feb2026 03:00:12.701] [main/DEBUG] [mixin/]: Registering mixin config: configured.common.mixins.json
[02Feb2026 03:00:12.715] [main/DEBUG] [mixin/]: Compatibility level JAVA_17 specified by configured.common.mixins.json is higher than the maximum level supported by this version of mixin (JAVA_13).
[02Feb2026 03:00:12.718] [main/INFO] [mixin/]: Compatibility level set to JAVA_17
[02Feb2026 03:00:12.719] [main/DEBUG] [mixin/]: Adding mixin platform agents for container SecureJarResource(moderner_beta)
[02Feb2026 03:00:12.719] [main/DEBUG] [mixin/]: Instancing new MixinPlatformAgentMinecraftForge for SecureJarResource(moderner_beta)
[02Feb2026 03:00:12.719] [main/DEBUG] [mixin/]: MixinPlatformAgentMinecraftForge rejected container SecureJarResource(moderner_beta)
[02Feb2026 03:00:12.719] [main/DEBUG] [mixin/]: Instancing new MixinPlatformAgentDefault for SecureJarResource(moderner_beta)
[02Feb2026 03:00:12.720] [main/DEBUG] [mixin/]: MixinPlatformAgentDefault accepted container SecureJarResource(moderner_beta)
[02Feb2026 03:00:12.720] [main/DEBUG] [mixin/]: Processing prepare() for PlatformAgent[MixinPlatformAgentDefault:SecureJarResource(moderner_beta)]
[02Feb2026 03:00:12.720] [main/DEBUG] [mixin/]: Registering mixin config: moderner_beta-common.mixins.json
[02Feb2026 03:00:12.722] [main/DEBUG] [mixin/]: Registering mixin config: moderner_beta-forgelike.mixins.json
[02Feb2026 03:00:12.724] [main/DEBUG] [mixin/]: Adding mixin platform agents for container SecureJarResource(the_wonderland)
[02Feb2026 03:00:12.724] [main/DEBUG] [mixin/]: Instancing new MixinPlatformAgentMinecraftForge for SecureJarResource(the_wonderland)
[02Feb2026 03:00:12.724] [main/DEBUG] [mixin/]: MixinPlatformAgentMinecraftForge rejected container SecureJarResource(the_wonderland)
[02Feb2026 03:00:12.725] [main/DEBUG] [mixin/]: Instancing new MixinPlatformAgentDefault for SecureJarResource(the_wonderland)
[02Feb2026 03:00:12.725] [main/DEBUG] [mixin/]: MixinPlatformAgentDefault accepted container SecureJarResource(the_wonderland)
[02Feb2026 03:00:12.725] [main/DEBUG] [mixin/]: Processing prepare() for PlatformAgent[MixinPlatformAgentDefault:SecureJarResource(the_wonderland)]
[02Feb2026 03:00:12.725] [main/DEBUG] [mixin/]: Adding mixin platform agents for container SecureJarResource(forge)
[02Feb2026 03:00:12.725] [main/DEBUG] [mixin/]: Instancing new MixinPlatformAgentMinecraftForge for SecureJarResource(forge)
[02Feb2026 03:00:12.725] [main/DEBUG] [mixin/]: MixinPlatformAgentMinecraftForge rejected container SecureJarResource(forge)
[02Feb2026 03:00:12.725] [main/DEBUG] [mixin/]: Instancing new MixinPlatformAgentDefault for SecureJarResource(forge)
[02Feb2026 03:00:12.725] [main/DEBUG] [mixin/]: MixinPlatformAgentDefault accepted container SecureJarResource(forge)
[02Feb2026 03:00:12.725] [main/DEBUG] [mixin/]: Processing prepare() for PlatformAgent[MixinPlatformAgentDefault:SecureJarResource(forge)]
[02Feb2026 03:00:12.726] [main/DEBUG] [mixin/]: Adding mixin platform agents for container SecureJarResource(geckolib)
[02Feb2026 03:00:12.726] [main/DEBUG] [mixin/]: Instancing new MixinPlatformAgentMinecraftForge for SecureJarResource(geckolib)
[02Feb2026 03:00:12.726] [main/DEBUG] [mixin/]: MixinPlatformAgentMinecraftForge rejected container SecureJarResource(geckolib)
[02Feb2026 03:00:12.726] [main/DEBUG] [mixin/]: Instancing new MixinPlatformAgentDefault for SecureJarResource(geckolib)
[02Feb2026 03:00:12.726] [main/DEBUG] [mixin/]: MixinPlatformAgentDefault accepted container SecureJarResource(geckolib)
[02Feb2026 03:00:12.726] [main/DEBUG] [mixin/]: Processing prepare() for PlatformAgent[MixinPlatformAgentDefault:SecureJarResource(geckolib)]
[02Feb2026 03:00:12.726] [main/DEBUG] [mixin/]: Registering mixin config: geckolib.mixins.json
[02Feb2026 03:00:12.730] [main/DEBUG] [mixin/]: Adding mixin platform agents for container SecureJarResource(architectury)
[02Feb2026 03:00:12.730] [main/DEBUG] [mixin/]: Instancing new MixinPlatformAgentMinecraftForge for SecureJarResource(architectury)
[02Feb2026 03:00:12.730] [main/DEBUG] [mixin/]: MixinPlatformAgentMinecraftForge rejected container SecureJarResource(architectury)
[02Feb2026 03:00:12.730] [main/DEBUG] [mixin/]: Instancing new MixinPlatformAgentDefault for SecureJarResource(architectury)
[02Feb2026 03:00:12.731] [main/DEBUG] [mixin/]: MixinPlatformAgentDefault accepted container SecureJarResource(architectury)
[02Feb2026 03:00:12.731] [main/DEBUG] [mixin/]: Processing prepare() for PlatformAgent[MixinPlatformAgentDefault:SecureJarResource(architectury)]
[02Feb2026 03:00:12.731] [main/DEBUG] [mixin/]: Registering mixin config: architectury.mixins.json
[02Feb2026 03:00:12.732] [main/DEBUG] [mixin/]: Compatibility level JAVA_16 specified by architectury.mixins.json is higher than the maximum level supported by this version of mixin (JAVA_13).
[02Feb2026 03:00:12.732] [main/DEBUG] [mixin/]: Registering mixin config: architectury-common.mixins.json
[02Feb2026 03:00:12.734] [main/DEBUG] [mixin/]: Compatibility level JAVA_16 specified by architectury-common.mixins.json is higher than the maximum level supported by this version of mixin (JAVA_13).
[02Feb2026 03:00:12.734] [main/DEBUG] [mixin/]: Adding mixin platform agents for container SecureJarResource(addurdisc)
[02Feb2026 03:00:12.734] [main/DEBUG] [mixin/]: Instancing new MixinPlatformAgentMinecraftForge for SecureJarResource(addurdisc)
[02Feb2026 03:00:12.734] [main/DEBUG] [mixin/]: MixinPlatformAgentMinecraftForge rejected container SecureJarResource(addurdisc)
[02Feb2026 03:00:12.734] [main/DEBUG] [mixin/]: Instancing new MixinPlatformAgentDefault for SecureJarResource(addurdisc)
[02Feb2026 03:00:12.734] [main/DEBUG] [mixin/]: MixinPlatformAgentDefault accepted container SecureJarResource(addurdisc)
[02Feb2026 03:00:12.735] [main/DEBUG] [mixin/]: Processing prepare() for PlatformAgent[MixinPlatformAgentDefault:SecureJarResource(addurdisc)]
[02Feb2026 03:00:12.735] [main/DEBUG] [mixin/]: Registering mixin config: addurdisc.mixins.json
[02Feb2026 03:00:12.736] [main/DEBUG] [mixin/]: Compatibility level JAVA_8 specified by addurdisc.mixins.json is lower than the default level supported by the current mixin service (JAVA_16).
[02Feb2026 03:00:12.736] [main/DEBUG] [mixin/]: Adding mixin platform agents for container SecureJarResource(nostalgic_tweaks)
[02Feb2026 03:00:12.736] [main/DEBUG] [mixin/]: Instancing new MixinPlatformAgentMinecraftForge for SecureJarResource(nostalgic_tweaks)
[02Feb2026 03:00:12.737] [main/DEBUG] [mixin/]: MixinPlatformAgentMinecraftForge rejected container SecureJarResource(nostalgic_tweaks)
[02Feb2026 03:00:12.737] [main/DEBUG] [mixin/]: Instancing new MixinPlatformAgentDefault for SecureJarResource(nostalgic_tweaks)
[02Feb2026 03:00:12.737] [main/DEBUG] [mixin/]: MixinPlatformAgentDefault accepted container SecureJarResource(nostalgic_tweaks)
[02Feb2026 03:00:12.737] [main/DEBUG] [mixin/]: Processing prepare() for PlatformAgent[MixinPlatformAgentDefault:SecureJarResource(nostalgic_tweaks)]
[02Feb2026 03:00:12.737] [main/DEBUG] [mixin/]: Registering mixin config: mixin.nostalgic_tweaks.json
[02Feb2026 03:00:12.769] [main/DEBUG] [mixin/]: Registering mixin config: mixin.nostalgic_tweaks-access.json
[02Feb2026 03:00:12.772] [main/DEBUG] [mixin/]: Registering mixin config: mixin.nostalgic_tweaks-duck.json
[02Feb2026 03:00:12.773] [main/DEBUG] [mixin/]: Registering mixin config: mixin.nostalgic_tweaks-forge.json
[02Feb2026 03:00:12.774] [main/DEBUG] [mixin/]: Registering mixin config: mixin.nostalgic_tweaks-required.json
[02Feb2026 03:00:12.775] [main/DEBUG] [mixin/]: Registering mixin config: mixin.nostalgic_tweaks-embeddium.json
[02Feb2026 03:00:12.777] [main/DEBUG] [mixin/]: Registering mixin config: mixin.nostalgic_tweaks-flywheel.json
[02Feb2026 03:00:12.778] [main/DEBUG] [mixin/]: Adding mixin platform agents for container SecureJarResource(MixinExtras)
[02Feb2026 03:00:12.778] [main/DEBUG] [mixin/]: Instancing new MixinPlatformAgentMinecraftForge for SecureJarResource(MixinExtras)
[02Feb2026 03:00:12.778] [main/DEBUG] [mixin/]: MixinPlatformAgentMinecraftForge rejected container SecureJarResource(MixinExtras)
[02Feb2026 03:00:12.778] [main/DEBUG] [mixin/]: Instancing new MixinPlatformAgentDefault for SecureJarResource(MixinExtras)
[02Feb2026 03:00:12.779] [main/DEBUG] [mixin/]: MixinPlatformAgentDefault accepted container SecureJarResource(MixinExtras)
[02Feb2026 03:00:12.779] [main/DEBUG] [mixin/]: Processing prepare() for PlatformAgent[MixinPlatformAgentDefault:SecureJarResource(MixinExtras)]
[02Feb2026 03:00:12.779] [main/DEBUG] [mixin/]: Adding mixin platform agents for container SecureJarResource(mclib)
[02Feb2026 03:00:12.779] [main/DEBUG] [mixin/]: Instancing new MixinPlatformAgentMinecraftForge for SecureJarResource(mclib)
[02Feb2026 03:00:12.779] [main/DEBUG] [mixin/]: MixinPlatformAgentMinecraftForge rejected container SecureJarResource(mclib)
[02Feb2026 03:00:12.779] [main/DEBUG] [mixin/]: Instancing new MixinPlatformAgentDefault for SecureJarResource(mclib)
[02Feb2026 03:00:12.779] [main/DEBUG] [mixin/]: MixinPlatformAgentDefault accepted container SecureJarResource(mclib)
[02Feb2026 03:00:12.779] [main/DEBUG] [mixin/]: Processing prepare() for PlatformAgent[MixinPlatformAgentDefault:SecureJarResource(mclib)]
[02Feb2026 03:00:12.780] [main/DEBUG] [mixin/]: Adding mixin platform agents for container SecureJarResource(mixinextras)
[02Feb2026 03:00:12.780] [main/DEBUG] [mixin/]: Instancing new MixinPlatformAgentMinecraftForge for SecureJarResource(mixinextras)
[02Feb2026 03:00:12.780] [main/DEBUG] [mixin/]: MixinPlatformAgentMinecraftForge rejected container SecureJarResource(mixinextras)
[02Feb2026 03:00:12.780] [main/DEBUG] [mixin/]: Instancing new MixinPlatformAgentDefault for SecureJarResource(mixinextras)
[02Feb2026 03:00:12.780] [main/DEBUG] [mixin/]: MixinPlatformAgentDefault accepted container SecureJarResource(mixinextras)
[02Feb2026 03:00:12.780] [main/DEBUG] [mixin/]: Processing prepare() for PlatformAgent[MixinPlatformAgentDefault:SecureJarResource(mixinextras)]
[02Feb2026 03:00:12.780] [main/DEBUG] [mixin/]: Registering mixin config: mixinextras.init.mixins.json
[02Feb2026 03:00:12.782] [main/DEBUG] [mixin/]: inject() running with 13 agents
[02Feb2026 03:00:12.783] [main/DEBUG] [mixin/]: Processing inject() for PlatformAgent[MixinPlatformAgentDefault:ModLauncher Root Container(ModLauncher:4f56a0a2)]
[02Feb2026 03:00:12.783] [main/DEBUG] [mixin/]: Processing inject() for PlatformAgent[MixinPlatformAgentDefault:SecureJarResource(minecraft)]
[02Feb2026 03:00:12.783] [main/DEBUG] [mixin/]: Processing inject() for PlatformAgent[MixinPlatformAgentDefault:SecureJarResource(configured)]
[02Feb2026 03:00:12.783] [main/DEBUG] [mixin/]: Processing inject() for PlatformAgent[MixinPlatformAgentDefault:SecureJarResource(moderner_beta)]
[02Feb2026 03:00:12.783] [main/DEBUG] [mixin/]: Processing inject() for PlatformAgent[MixinPlatformAgentDefault:SecureJarResource(the_wonderland)]
[02Feb2026 03:00:12.784] [main/DEBUG] [mixin/]: Processing inject() for PlatformAgent[MixinPlatformAgentDefault:SecureJarResource(forge)]
[02Feb2026 03:00:12.784] [main/DEBUG] [mixin/]: Processing inject() for PlatformAgent[MixinPlatformAgentDefault:SecureJarResource(geckolib)]
[02Feb2026 03:00:12.784] [main/DEBUG] [mixin/]: Processing inject() for PlatformAgent[MixinPlatformAgentDefault:SecureJarResource(architectury)]
[02Feb2026 03:00:12.784] [main/DEBUG] [mixin/]: Processing inject() for PlatformAgent[MixinPlatformAgentDefault:SecureJarResource(addurdisc)]
[02Feb2026 03:00:12.784] [main/DEBUG] [mixin/]: Processing inject() for PlatformAgent[MixinPlatformAgentDefault:SecureJarResource(nostalgic_tweaks)]
[02Feb2026 03:00:12.785] [main/DEBUG] [mixin/]: Processing inject() for PlatformAgent[MixinPlatformAgentDefault:SecureJarResource(MixinExtras)]
[02Feb2026 03:00:12.785] [main/DEBUG] [mixin/]: Processing inject() for PlatformAgent[MixinPlatformAgentDefault:SecureJarResource(mclib)]
[02Feb2026 03:00:12.785] [main/DEBUG] [mixin/]: Processing inject() for PlatformAgent[MixinPlatformAgentDefault:SecureJarResource(mixinextras)]
[02Feb2026 03:00:12.785] [main/INFO] [cpw.mods.modlauncher.LaunchServiceHandler/MODLAUNCHER]: Launching target 'forgeserver' with arguments [nogui]
[02Feb2026 03:00:12.827] [main/DEBUG] [mixin/]: Error cleaning class output directory: .mixin.out
[02Feb2026 03:00:12.828] [main/DEBUG] [mixin/]: Preparing mixins for MixinEnvironment[DEFAULT]
[02Feb2026 03:00:12.829] [main/DEBUG] [mixin/]: Selecting config configured.common.mixins.json
[02Feb2026 03:00:12.854] [main/DEBUG] [mixin/]: Selecting config moderner_beta-common.mixins.json
[02Feb2026 03:00:12.874] [main/WARN] [mixin/]: Reference map '' for moderner_beta-common.mixins.json could not be read. If this is a development environment you can ignore this message
[02Feb2026 03:00:12.874] [main/DEBUG] [mixin/]: Selecting config moderner_beta-forgelike.mixins.json
[02Feb2026 03:00:12.876] [main/WARN] [mixin/]: Reference map '' for moderner_beta-forgelike.mixins.json could not be read. If this is a development environment you can ignore this message
[02Feb2026 03:00:12.877] [main/DEBUG] [mixin/]: Selecting config geckolib.mixins.json
[02Feb2026 03:00:12.878] [main/DEBUG] [mixin/]: Selecting config architectury.mixins.json
[02Feb2026 03:00:12.879] [main/DEBUG] [mixin/]: Selecting config architectury-common.mixins.json
[02Feb2026 03:00:12.880] [main/DEBUG] [mixin/]: Selecting config addurdisc.mixins.json
[02Feb2026 03:00:12.881] [main/WARN] [mixin/]: Reference map 'ottoTrident.refmap.json' for addurdisc.mixins.json could not be read. If this is a development environment you can ignore this message
[02Feb2026 03:00:12.882] [main/DEBUG] [mixin/]: Selecting config mixin.nostalgic_tweaks.json
[02Feb2026 03:00:12.892] [main/DEBUG] [mixin/]: Selecting config mixin.nostalgic_tweaks-access.json
[02Feb2026 03:00:12.901] [main/DEBUG] [mixin/]: Selecting config mixin.nostalgic_tweaks-duck.json
[02Feb2026 03:00:12.907] [main/DEBUG] [mixin/]: Selecting config mixin.nostalgic_tweaks-forge.json
[02Feb2026 03:00:12.908] [main/DEBUG] [mixin/]: Selecting config mixin.nostalgic_tweaks-required.json
[02Feb2026 03:00:12.914] [main/DEBUG] [mixin/]: Selecting config mixin.nostalgic_tweaks-embeddium.json
[02Feb2026 03:00:12.955] [main/DEBUG] [mixin/]: Selecting config mixin.nostalgic_tweaks-flywheel.json
[02Feb2026 03:00:12.957] [main/DEBUG] [mixin/]: Selecting config mixinextras.init.mixins.json
[02Feb2026 03:00:13.007] [main/DEBUG] [MixinExtras|Service/]: com.llamalad7.mixinextras.service.MixinExtrasServiceImpl(version=0.5.0) is taking over from null
[02Feb2026 03:00:13.098] [main/DEBUG] [mixin/]: Registering new injector for @Inject with org.spongepowered.asm.mixin.injection.struct.CallbackInjectionInfo
[02Feb2026 03:00:13.099] [main/DEBUG] [mixin/]: Registering new injector for @ModifyArg with org.spongepowered.asm.mixin.injection.struct.ModifyArgInjectionInfo
[02Feb2026 03:00:13.100] [main/DEBUG] [mixin/]: Registering new injector for @ModifyArgs with org.spongepowered.asm.mixin.injection.struct.ModifyArgsInjectionInfo
[02Feb2026 03:00:13.102] [main/DEBUG] [mixin/]: Registering new injector for @Redirect with org.spongepowered.asm.mixin.injection.struct.RedirectInjectionInfo
[02Feb2026 03:00:13.103] [main/DEBUG] [mixin/]: Registering new injector for @ModifyVariable with org.spongepowered.asm.mixin.injection.struct.ModifyVariableInjectionInfo
[02Feb2026 03:00:13.104] [main/DEBUG] [mixin/]: Registering new injector for @ModifyConstant with org.spongepowered.asm.mixin.injection.struct.ModifyConstantInjectionInfo
[02Feb2026 03:00:13.114] [main/DEBUG] [mixin/]: Preparing configured.common.mixins.json (2)
[02Feb2026 03:00:13.115] [main/DEBUG] [mixin/]: Preparing moderner_beta-common.mixins.json (33)
[02Feb2026 03:00:13.138] [main/DEBUG] [Moderner Beta/]: [Moderner Beta] Loaded mod.bluestaggo.modernerbeta.forgelike.FMLPlatformHelper@49469ffa for service interface mod.bluestaggo.modernerbeta.services.IPlatformHelper
[02Feb2026 03:00:13.159] [main/DEBUG] [net.minecraftforge.coremod.transformer.CoreModBaseTransformer/COREMOD]: Transforming net/minecraft/world/level/biome/Biome
[02Feb2026 03:00:13.228] [main/DEBUG] [net.minecraftforge.coremod.transformer.CoreModBaseTransformer/COREMOD]: Transforming net/minecraft/world/level/levelgen/structure/Structure
[02Feb2026 03:00:13.271] [main/DEBUG] [mixin/]: Preparing moderner_beta-forgelike.mixins.json (4)
[02Feb2026 03:00:13.277] [main/DEBUG] [mixin/]: Preparing geckolib.mixins.json (1)
[02Feb2026 03:00:13.277] [main/DEBUG] [mixin/]: Preparing architectury.mixins.json (9)
[02Feb2026 03:00:13.289] [main/DEBUG] [mixin/]: Preparing architectury-common.mixins.json (10)
[02Feb2026 03:00:13.300] [main/DEBUG] [net.minecraftforge.coremod.transformer.CoreModBaseTransformer/COREMOD]: Transforming net/minecraft/world/item/BucketItem
[02Feb2026 03:00:13.312] [main/DEBUG] [net.minecraftforge.coremod.transformer.CoreModBaseTransformer/COREMOD]: Transforming net/minecraft/world/entity/EntityType
[02Feb2026 03:00:13.544] [main/DEBUG] [net.minecraftforge.coremod.transformer.CoreModBaseTransformer/COREMOD]: Transforming net/minecraft/world/level/block/LiquidBlock
[02Feb2026 03:00:13.552] [main/DEBUG] [mixin/]: Preparing addurdisc.mixins.json (0)
[02Feb2026 03:00:13.552] [main/DEBUG] [mixin/]: Preparing mixin.nostalgic_tweaks-access.json (25)
[02Feb2026 03:00:13.611] [main/DEBUG] [mixin/]: Preparing mixin.nostalgic_tweaks-required.json (3)
[02Feb2026 03:00:13.611] [main/DEBUG] [mixin/]: Preparing mixinextras.init.mixins.json (0)
[02Feb2026 03:00:13.611] [main/DEBUG] [mixin/]: Preparing mixin.nostalgic_tweaks.json (201)
[02Feb2026 03:00:13.708] [main/DEBUG] [net.minecraftforge.coremod.transformer.CoreModBaseTransformer/COREMOD]: Transforming net/minecraft/world/entity/monster/Zombie
[02Feb2026 03:00:13.862] [main/DEBUG] [mixin/]: Preparing mixin.nostalgic_tweaks-duck.json (3)
[02Feb2026 03:00:13.862] [main/DEBUG] [mixin/]: Preparing mixin.nostalgic_tweaks-forge.json (8)
[02Feb2026 03:00:13.864] [main/DEBUG] [mixin/]: Preparing mixin.nostalgic_tweaks-embeddium.json (5)
[02Feb2026 03:00:13.864] [main/DEBUG] [mixin/]: Preparing mixin.nostalgic_tweaks-flywheel.json (3)
[02Feb2026 03:00:14.014] [main/DEBUG] [mixin/]: Prepared 108 mixins in 1.184 sec (11.0ms avg) (0ms load, 0ms transform, 0ms plugin)
[02Feb2026 03:00:14.028] [main/INFO] [MixinExtras|Service/]: Initializing MixinExtras via com.llamalad7.mixinextras.service.MixinExtrasServiceImpl(version=0.5.0).
[02Feb2026 03:00:14.029] [main/DEBUG] [mixin/]: Registering new injector for @SugarWrapper with com.llamalad7.mixinextras.sugar.impl.SugarWrapperInjectionInfo
[02Feb2026 03:00:14.030] [main/DEBUG] [mixin/]: Registering new injector for @FactoryRedirectWrapper with com.llamalad7.mixinextras.wrapper.factory.FactoryRedirectWrapperInjectionInfo
[02Feb2026 03:00:14.031] [main/DEBUG] [mixin/]: Registering new injector for @ExpressionInjectorWrapper with com.llamalad7.mixinextras.expression.impl.wrapper.ExpressionInjectorWrapperInjectionInfo
[02Feb2026 03:00:14.043] [main/DEBUG] [mixin/]: Mixing MinecraftServerMixin from moderner_beta-common.mixins.json into net.minecraft.server.MinecraftServer
[02Feb2026 03:00:14.050] [main/DEBUG] [mixin/]: Renaming synthetic method lambda$redirectPlayerSpawnFinder$0(Lcom/llamalad7/mixinextras/injector/wrapoperation/Operation;Lnet/minecraft/server/level/ServerLevel;Lnet/minecraft/world/level/ChunkPos;)Lnet/minecraft/core/BlockPos; to mdbcc857$lambda$redirectPlayerSpawnFinder$0$0 in moderner_beta-common.mixins.json:MinecraftServerMixin
[02Feb2026 03:00:14.275] [main/DEBUG] [io.netty.util.internal.logging.InternalLoggerFactory/]: Using SLF4J as the default logging framework
[02Feb2026 03:00:14.279] [main/DEBUG] [io.netty.util.ResourceLeakDetector/]: -Dio.netty.leakDetection.level: simple
[02Feb2026 03:00:14.279] [main/DEBUG] [io.netty.util.ResourceLeakDetector/]: -Dio.netty.leakDetection.targetRecords: 4
[02Feb2026 03:00:14.642] [main/DEBUG] [oshi.util.FileUtil/]: No oshi.properties file found from ClassLoader cpw.mods.modlauncher.TransformingClassLoader@532e27ab
[02Feb2026 03:00:14.642] [main/DEBUG] [oshi.util.FileUtil/]: No oshi.properties file found from ClassLoader jdk.internal.loader.ClassLoaders$AppClassLoader@76ed5528
[02Feb2026 03:00:14.739] [main/DEBUG] [oshi.util.FileUtil/]: Reading file /proc/self/auxv
[02Feb2026 03:00:14.740] [main/DEBUG] [oshi.util.FileUtil/]: Reading file /proc/self/auxv
[02Feb2026 03:00:14.744] [main/DEBUG] [oshi.util.FileUtil/]: Reading file /proc/stat
[02Feb2026 03:00:14.751] [main/DEBUG] [oshi.util.FileUtil/]: Reading file /sys/devices/system/cpu/cpu0/topology/core_id
[02Feb2026 03:00:14.752] [main/DEBUG] [oshi.util.FileUtil/]: Reading file /sys/devices/system/cpu/cpu0/topology/core_id
[02Feb2026 03:00:14.752] [main/DEBUG] [oshi.util.FileUtil/]: Reading file /sys/devices/system/cpu/cpu0/topology/physical_package_id
[02Feb2026 03:00:14.752] [main/DEBUG] [oshi.util.FileUtil/]: Reading file /sys/devices/system/cpu/cpu0/topology/physical_package_id
[02Feb2026 03:00:14.752] [main/DEBUG] [oshi.util.FileUtil/]: Reading file /sys/devices/system/cpu/cpu0/cpu_capacity
[02Feb2026 03:00:14.754] [main/DEBUG] [oshi.util.FileUtil/]: Reading file /sys/devices/system/cpu/cpu1/topology/core_id
[02Feb2026 03:00:14.754] [main/DEBUG] [oshi.util.FileUtil/]: Reading file /sys/devices/system/cpu/cpu1/topology/core_id
[02Feb2026 03:00:14.754] [main/DEBUG] [oshi.util.FileUtil/]: Reading file /sys/devices/system/cpu/cpu1/topology/physical_package_id
[02Feb2026 03:00:14.754] [main/DEBUG] [oshi.util.FileUtil/]: Reading file /sys/devices/system/cpu/cpu1/topology/physical_package_id
[02Feb2026 03:00:14.754] [main/DEBUG] [oshi.util.FileUtil/]: Reading file /sys/devices/system/cpu/cpu1/cpu_capacity
[02Feb2026 03:00:14.755] [main/DEBUG] [oshi.util.FileUtil/]: Reading file /sys/devices/system/cpu/cpu2/topology/core_id
[02Feb2026 03:00:14.755] [main/DEBUG] [oshi.util.FileUtil/]: Reading file /sys/devices/system/cpu/cpu2/topology/core_id
[02Feb2026 03:00:14.755] [main/DEBUG] [oshi.util.FileUtil/]: Reading file /sys/devices/system/cpu/cpu2/topology/physical_package_id
[02Feb2026 03:00:14.755] [main/DEBUG] [oshi.util.FileUtil/]: Reading file /sys/devices/system/cpu/cpu2/topology/physical_package_id
[02Feb2026 03:00:14.755] [main/DEBUG] [oshi.util.FileUtil/]: Reading file /sys/devices/system/cpu/cpu2/cpu_capacity
[02Feb2026 03:00:14.755] [main/DEBUG] [oshi.util.FileUtil/]: Reading file /sys/devices/system/cpu/cpu3/topology/core_id
[02Feb2026 03:00:14.755] [main/DEBUG] [oshi.util.FileUtil/]: Reading file /sys/devices/system/cpu/cpu3/topology/core_id
[02Feb2026 03:00:14.756] [main/DEBUG] [oshi.util.FileUtil/]: Reading file /sys/devices/system/cpu/cpu3/topology/physical_package_id
[02Feb2026 03:00:14.756] [main/DEBUG] [oshi.util.FileUtil/]: Reading file /sys/devices/system/cpu/cpu3/topology/physical_package_id
[02Feb2026 03:00:14.756] [main/DEBUG] [oshi.util.FileUtil/]: Reading file /sys/devices/system/cpu/cpu3/cpu_capacity
[02Feb2026 03:00:14.758] [main/DEBUG] [oshi.util.FileUtil/]: Reading file /proc/cpuinfo
[02Feb2026 03:00:14.767] [main/DEBUG] [oshi.util.FileUtil/]: Reading file /proc/self/auxv
[02Feb2026 03:00:14.769] [main/DEBUG] [oshi.util.FileUtil/]: No oshi.architecture.properties file found from ClassLoader cpw.mods.modlauncher.TransformingClassLoader@532e27ab
[02Feb2026 03:00:14.769] [main/DEBUG] [oshi.util.FileUtil/]: No oshi.architecture.properties file found from ClassLoader jdk.internal.loader.ClassLoaders$AppClassLoader@76ed5528
[02Feb2026 03:00:14.789] [main/DEBUG] [oshi.util.FileUtil/]: Reading file /proc/meminfo
[02Feb2026 03:00:14.790] [main/DEBUG] [oshi.util.FileUtil/]: Reading file /proc/meminfo
[02Feb2026 03:00:14.937] [main/DEBUG] [mixin/]: Mixing inject.MixinGameEvent from architectury-common.mixins.json into net.minecraft.world.level.gameevent.GameEvent
[02Feb2026 03:00:14.956] [main/DEBUG] [mixin/]: Mixing HolderReferenceMixin from moderner_beta-forgelike.mixins.json into net.minecraft.core.Holder$Reference
[02Feb2026 03:00:15.012] [main/DEBUG] [mixin/]: Mixing inject.MixinBlock from architectury-common.mixins.json into net.minecraft.world.level.block.Block
[02Feb2026 03:00:15.013] [main/DEBUG] [mixin/]: Mixing candy.item_merge.BlockMixin from mixin.nostalgic_tweaks.json into net.minecraft.world.level.block.Block
[02Feb2026 03:00:15.032] [main/DEBUG] [mixin/]: Mixing gameplay.mechanics_block.BlockBehaviourMixin from mixin.nostalgic_tweaks.json into net.minecraft.world.level.block.state.BlockBehaviour
[02Feb2026 03:00:15.057] [main/DEBUG] [mixin/]: Mixing EntityAccess from mixin.nostalgic_tweaks-access.json into net.minecraft.world.entity.Entity
[02Feb2026 03:00:15.099] [main/DEBUG] [mixin/]: Mixing LivingEntityAccess from mixin.nostalgic_tweaks-access.json into net.minecraft.world.entity.LivingEntity
[02Feb2026 03:00:15.100] [main/DEBUG] [mixin/]: Mixing candy.item_merge.LivingEntityMixin from mixin.nostalgic_tweaks.json into net.minecraft.world.entity.LivingEntity
[02Feb2026 03:00:15.102] [main/DEBUG] [net.minecraftforge.coremod.transformer.CoreModBaseTransformer/COREMOD]: Transforming net/minecraft/world/item/ItemStack
[02Feb2026 03:00:15.117] [main/DEBUG] [mixin/]: Renaming synthetic method lambda$nt_item_merge$modifyDropConsumer$0(Ljava/util/function/Consumer;Lnet/minecraft/world/item/ItemStack;)V to mdbcc857$lambda$nt_item_merge$modifyDropConsumer$0$0 in mixin.nostalgic_tweaks.json:candy.item_merge.LivingEntityMixin
[02Feb2026 03:00:15.125] [main/DEBUG] [mixin/]: Mixing gameplay.bugs.LivingEntityMixin from mixin.nostalgic_tweaks.json into net.minecraft.world.entity.LivingEntity
[02Feb2026 03:00:15.132] [main/DEBUG] [mixin/]: Mixing gameplay.combat_player.LivingEntityMixin from mixin.nostalgic_tweaks.json into net.minecraft.world.entity.LivingEntity
[02Feb2026 03:00:15.133] [main/DEBUG] [mixin/]: Renaming synthetic method lambda$nt_combat_player$modifyGetUseDuration$1(Lnet/minecraft/world/entity/player/Player;)Ljava/lang/Integer; to mdbcc857$lambda$nt_combat_player$modifyGetUseDuration$1$1 in mixin.nostalgic_tweaks.json:gameplay.combat_player.LivingEntityMixin
[02Feb2026 03:00:15.133] [main/DEBUG] [mixin/]: Renaming synthetic method lambda$nt_combat_player$onPlayerHurt$0(Lnet/minecraft/world/entity/player/Player;Lnet/minecraft/world/entity/player/Player;)V to mdbcc857$lambda$nt_combat_player$onPlayerHurt$0$2 in mixin.nostalgic_tweaks.json:gameplay.combat_player.LivingEntityMixin
[02Feb2026 03:00:15.141] [main/DEBUG] [mixin/]: Mixing gameplay.food_health.LivingEntityMixin from mixin.nostalgic_tweaks.json into net.minecraft.world.entity.LivingEntity
[02Feb2026 03:00:15.146] [main/DEBUG] [net.minecraftforge.coremod.transformer.CoreModBaseTransformer/COREMOD]: Transforming net/minecraft/world/effect/MobEffectInstance
[02Feb2026 03:00:15.156] [main/DEBUG] [mixin/]: Mixing gameplay.mechanics_player.LivingEntityMixin from mixin.nostalgic_tweaks.json into net.minecraft.world.entity.LivingEntity
[02Feb2026 03:00:15.164] [main/DEBUG] [mixin/]: Mixing gameplay.mechanics_swim.LivingEntityMixin from mixin.nostalgic_tweaks.json into net.minecraft.world.entity.LivingEntity
[02Feb2026 03:00:15.166] [main/DEBUG] [mixin/]: Mixing gameplay.mob_drops.LivingEntityMixin from mixin.nostalgic_tweaks.json into net.minecraft.world.entity.LivingEntity
[02Feb2026 03:00:15.260] [main/DEBUG] [mixin/]: Mixing LevelMixin from moderner_beta-common.mixins.json into net.minecraft.world.level.Level
[02Feb2026 03:00:15.262] [main/DEBUG] [mixin/]: Renaming synthetic method lambda$new$0()Lit/unimi/dsi/fastutil/longs/Long2DoubleLinkedOpenHashMap; to mdbcc857$lambda$new$0$0 in moderner_beta-common.mixins.json:LevelMixin
[02Feb2026 03:00:15.387] [main/DEBUG] [mixin/]: Mixing gameplay.experience_orb.ServerLevelMixin from mixin.nostalgic_tweaks.json into net.minecraft.server.level.ServerLevel
[02Feb2026 03:00:15.389] [main/DEBUG] [mixin/]: Mixing gameplay.mechanics_player.ServerLevelMixin from mixin.nostalgic_tweaks.json into net.minecraft.server.level.ServerLevel
[02Feb2026 03:00:15.427] [main/DEBUG] [mixin/]: Mixing ServerLevelMixin from moderner_beta-common.mixins.json into net.minecraft.server.level.ServerLevel
[02Feb2026 03:00:15.474] [main/DEBUG] [mixin/]: Mixing candy.item_merge.ItemEntityMixin from mixin.nostalgic_tweaks.json into net.minecraft.world.entity.item.ItemEntity
[02Feb2026 03:00:15.503] [main/DEBUG] [mixin/]: Mixing PlayerAccess from mixin.nostalgic_tweaks-access.json into net.minecraft.world.entity.player.Player
[02Feb2026 03:00:15.503] [main/DEBUG] [mixin/]: Mixing animation.player.PlayerMixin from mixin.nostalgic_tweaks.json into net.minecraft.world.entity.player.Player
[02Feb2026 03:00:15.506] [main/DEBUG] [mixin/]: Mixing gameplay.combat_player.PlayerMixin from mixin.nostalgic_tweaks.json into net.minecraft.world.entity.player.Player
[02Feb2026 03:00:15.511] [main/DEBUG] [mixin/]: Mixing gameplay.food_health.PlayerMixin from mixin.nostalgic_tweaks.json into net.minecraft.world.entity.player.Player
[02Feb2026 03:00:15.529] [main/DEBUG] [mixin/]: Mixing gameplay.food_health.PlayerMixin from mixin.nostalgic_tweaks-forge.json into net.minecraft.world.entity.player.Player
[02Feb2026 03:00:15.597] [main/DEBUG] [mixin/]: Mixing inject.MixinFluid from architectury-common.mixins.json into net.minecraft.world.level.material.Fluid
[02Feb2026 03:00:15.602] [main/DEBUG] [mixin/]: Mixing inject.MixinItem from architectury-common.mixins.json into net.minecraft.world.item.Item
[02Feb2026 03:00:15.606] [main/DEBUG] [mixin/]: Mixing gameplay.item_stacking.ItemMixin from mixin.nostalgic_tweaks.json into net.minecraft.world.item.Item
[02Feb2026 03:00:15.630] [main/DEBUG] [net.minecraftforge.coremod.transformer.CoreModBaseTransformer/COREMOD]: Transforming net/minecraft/world/entity/EntityType
[02Feb2026 03:00:15.719] [main/DEBUG] [mixin/]: Mixing inject.MixinEntityType from architectury-common.mixins.json into net.minecraft.world.entity.EntityType
[02Feb2026 03:00:15.771] [main/DEBUG] [mixin/]: Mixing FoliagePlacerTypeAccessor from moderner_beta-common.mixins.json into net.minecraft.world.level.levelgen.feature.foliageplacers.FoliagePlacerType
[02Feb2026 03:00:15.771] [main/DEBUG] [mixin/]: Renaming @Invoker method create(Lcom/mojang/serialization/Codec;)Lnet/minecraft/world/level/levelgen/feature/foliageplacers/FoliagePlacerType; to create_$md$bcc857$0 in moderner_beta-common.mixins.json:FoliagePlacerTypeAccessor
[02Feb2026 03:00:15.773] [main/DEBUG] [mixin/]: Mixing TrunkPlacerTypeAccessor from moderner_beta-common.mixins.json into net.minecraft.world.level.levelgen.feature.trunkplacers.TrunkPlacerType
[02Feb2026 03:00:15.773] [main/DEBUG] [mixin/]: Renaming @Invoker method create(Lcom/mojang/serialization/Codec;)Lnet/minecraft/world/level/levelgen/feature/trunkplacers/TrunkPlacerType; to create_$md$bcc857$0 in moderner_beta-common.mixins.json:TrunkPlacerTypeAccessor
[02Feb2026 03:00:15.795] [main/DEBUG] [mixin/]: Mixing FireBlockAccess from mixin.nostalgic_tweaks-access.json into net.minecraft.world.level.block.FireBlock
[02Feb2026 03:00:15.797] [main/DEBUG] [mixin/]: Mixing gameplay.mechanics_fire.FireBlockMixin from mixin.nostalgic_tweaks.json into net.minecraft.world.level.block.FireBlock
[02Feb2026 03:00:16.052] [main/DEBUG] [mixin/]: Mixing gameplay.mechanics_farming.SaplingBlockMixin from mixin.nostalgic_tweaks.json into net.minecraft.world.level.block.SaplingBlock
[02Feb2026 03:00:16.061] [main/DEBUG] [net.minecraftforge.coremod.transformer.CoreModBaseTransformer/COREMOD]: Transforming net/minecraft/world/level/block/LiquidBlock
[02Feb2026 03:00:16.061] [main/DEBUG] [mixin/]: Mixing inject.MixinLiquidBlock from architectury-common.mixins.json into net.minecraft.world.level.block.LiquidBlock
[02Feb2026 03:00:16.074] [main/DEBUG] [mixin/]: Mixing gameplay.mechanics_block.BedBlockMixin from mixin.nostalgic_tweaks.json into net.minecraft.world.level.block.BedBlock
[02Feb2026 03:00:16.095] [main/DEBUG] [net.minecraftforge.coremod.transformer.CoreModBaseTransformer/COREMOD]: Transforming net/minecraft/world/level/block/StairBlock
[02Feb2026 03:00:16.103] [main/DEBUG] [mixin/]: Mixing gameplay.mechanics_block.ChestBlockMixin from mixin.nostalgic_tweaks.json into net.minecraft.world.level.block.ChestBlock
[02Feb2026 03:00:16.109] [main/DEBUG] [mixin/]: Mixing gameplay.mechanics_farming.CropBlockMixin from mixin.nostalgic_tweaks.json into net.minecraft.world.level.block.CropBlock
[02Feb2026 03:00:16.145] [main/DEBUG] [mixin/]: Mixing gameplay.mechanics_farming.StemBlockMixin from mixin.nostalgic_tweaks.json into net.minecraft.world.level.block.StemBlock
[02Feb2026 03:00:16.159] [main/DEBUG] [mixin/]: Mixing gameplay.mechanics_farming.CocoaBlockMixin from mixin.nostalgic_tweaks.json into net.minecraft.world.level.block.CocoaBlock
[02Feb2026 03:00:16.163] [main/DEBUG] [mixin/]: Mixing gameplay.mechanics_block.EnderChestBlockMixin from mixin.nostalgic_tweaks.json into net.minecraft.world.level.block.EnderChestBlock
[02Feb2026 03:00:16.170] [main/DEBUG] [net.minecraftforge.coremod.transformer.CoreModBaseTransformer/COREMOD]: Transforming net/minecraft/world/level/block/FlowerPotBlock
[02Feb2026 03:00:16.192] [main/DEBUG] [mixin/]: Mixing gameplay.mechanics_farming.PitcherCropBlockMixin from mixin.nostalgic_tweaks.json into net.minecraft.world.level.block.PitcherCropBlock
[02Feb2026 03:00:16.195] [main/DEBUG] [mixin/]: Mixing gameplay.mechanics_farming.BeetrootBlockMixin from mixin.nostalgic_tweaks.json into net.minecraft.world.level.block.BeetrootBlock
[02Feb2026 03:00:16.221] [main/DEBUG] [mixin/]: Mixing gameplay.mechanics_farming.SweetBerryBushBlockMixin from mixin.nostalgic_tweaks.json into net.minecraft.world.level.block.SweetBerryBushBlock
[02Feb2026 03:00:16.366] [main/DEBUG] [mixin/]: Mixing MixinFallingBlockEntity from architectury.mixins.json into net.minecraft.world.entity.item.FallingBlockEntity
[02Feb2026 03:00:16.861] [main/DEBUG] [mixin/]: Mixing MobAccess from mixin.nostalgic_tweaks-access.json into net.minecraft.world.entity.Mob
[02Feb2026 03:00:16.861] [main/DEBUG] [mixin/]: Mixing gameplay.mob_drops.MobMixin from mixin.nostalgic_tweaks.json into net.minecraft.world.entity.Mob
[02Feb2026 03:00:16.863] [main/DEBUG] [mixin/]: Mixing gameplay.monster_rule.MobMixin from mixin.nostalgic_tweaks.json into net.minecraft.world.entity.Mob
[02Feb2026 03:00:16.863] [main/DEBUG] [mixin/]: Mixing gameplay.monster_spawn.MobMixin from mixin.nostalgic_tweaks.json into net.minecraft.world.entity.Mob
[02Feb2026 03:00:16.946] [main/DEBUG] [net.minecraftforge.coremod.transformer.CoreModBaseTransformer/COREMOD]: Transforming net/minecraft/world/item/ItemStack
[02Feb2026 03:00:17.155] [main/DEBUG] [mixin/]: Mixing gameplay.animal_sheep.AnimalMixin from mixin.nostalgic_tweaks.json into net.minecraft.world.entity.animal.Animal
[02Feb2026 03:00:17.157] [main/DEBUG] [mixin/]: Mixing gameplay.animal_spawn.AnimalMixin from mixin.nostalgic_tweaks.json into net.minecraft.world.entity.animal.Animal
[02Feb2026 03:00:17.158] [main/DEBUG] [mixin/]: Renaming synthetic method lambda$nt_animal_spawn$modifyRemoveWhenFarAway$0(Lmod/adrenix/nostalgic/util/common/data/FlagHolder;Lnet/minecraft/world/entity/TamableAnimal;)V to mdbcc857$lambda$nt_animal_spawn$modifyRemoveWhenFarAway$0$0 in mixin.nostalgic_tweaks.json:gameplay.animal_spawn.AnimalMixin
[02Feb2026 03:00:17.170] [main/DEBUG] [mixin/]: Mixing gameplay.animal_spawn.AgeableMobMixin from mixin.nostalgic_tweaks.json into net.minecraft.world.entity.AgeableMob
[02Feb2026 03:00:17.617] [main/DEBUG] [mixin/]: Mixing MixinLightningBolt from architectury-common.mixins.json into net.minecraft.world.entity.LightningBolt
[02Feb2026 03:00:17.679] [main/DEBUG] [net.minecraftforge.coremod.transformer.CoreModBaseTransformer/COREMOD]: Transforming net/minecraft/world/entity/animal/frog/Tadpole
[02Feb2026 03:00:17.708] [main/DEBUG] [mixin/]: Mixing gameplay.combat_bow.BowItemMixin from mixin.nostalgic_tweaks.json into net.minecraft.world.item.BowItem
[02Feb2026 03:00:17.712] [main/DEBUG] [mixin/]: Mixing gameplay.combat_item.SwordItemMixin from mixin.nostalgic_tweaks.json into net.minecraft.world.item.SwordItem
[02Feb2026 03:00:17.720] [main/DEBUG] [mixin/]: Mixing ShovelItemAccess from mixin.nostalgic_tweaks-access.json into net.minecraft.world.item.ShovelItem
[02Feb2026 03:00:17.721] [main/DEBUG] [mixin/]: Renaming @Accessor method NT$FLATTENABLES()Ljava/util/Map; to NT$FLATTENABLES_$md$bcc857$0 in mixin.nostalgic_tweaks-access.json:ShovelItemAccess
[02Feb2026 03:00:17.722] [main/DEBUG] [mixin/]: Mixing gameplay.combat_item.DiggerItemMixin from mixin.nostalgic_tweaks.json into net.minecraft.world.item.DiggerItem
[02Feb2026 03:00:17.726] [main/DEBUG] [mixin/]: Mixing AxeItemAccess from mixin.nostalgic_tweaks-access.json into net.minecraft.world.item.AxeItem
[02Feb2026 03:00:17.726] [main/DEBUG] [mixin/]: Renaming @Accessor method NT$STRIPPABLES()Ljava/util/Map; to NT$STRIPPABLES_$md$bcc857$0 in mixin.nostalgic_tweaks-access.json:AxeItemAccess
[02Feb2026 03:00:17.730] [main/DEBUG] [net.minecraftforge.coremod.transformer.CoreModBaseTransformer/COREMOD]: Transforming net/minecraft/world/item/BucketItem
[02Feb2026 03:00:17.731] [main/DEBUG] [mixin/]: Mixing inject.MixinBucketItem from architectury-common.mixins.json into net.minecraft.world.item.BucketItem
[02Feb2026 03:00:17.736] [main/DEBUG] [mixin/]: Mixing gameplay.mechanics_fishing.FishingRodItemMixin from mixin.nostalgic_tweaks.json into net.minecraft.world.item.FishingRodItem
[02Feb2026 03:00:17.745] [main/DEBUG] [mixin/]: Mixing gameplay.mechanics_farming.BoneMealItemMixin from mixin.nostalgic_tweaks-forge.json into net.minecraft.world.item.BoneMealItem
[02Feb2026 03:00:17.768] [main/DEBUG] [mixin/]: Mixing inject.MixinItemProperties from architectury-common.mixins.json into net.minecraft.world.item.Item$Properties
[02Feb2026 03:00:17.787] [main/DEBUG] [mixin/]: Mixing gameplay.mechanics_minecart.AbstractMinecartMixin from mixin.nostalgic_tweaks.json into net.minecraft.world.entity.vehicle.AbstractMinecart
[02Feb2026 03:00:17.809] [main/DEBUG] [mixin/]: Mixing gameplay.mob_ai.GroundPathNavigationMixin from mixin.nostalgic_tweaks.json into net.minecraft.world.entity.ai.navigation.GroundPathNavigation
[02Feb2026 03:00:17.816] [main/DEBUG] [mixin/]: Mixing gameplay.monster_spawn.MobCategoryMixin from mixin.nostalgic_tweaks.json into net.minecraft.world.entity.MobCategory
[02Feb2026 03:00:18.396] [main/DEBUG] [mixin/]: Mixing gameplay.experience_orb.ExperienceOrbMixin from mixin.nostalgic_tweaks.json into net.minecraft.world.entity.ExperienceOrb
[02Feb2026 03:00:18.407] [main/DEBUG] [mixin/]: Mixing gameplay.animal_spawn.BreedGoalMixin from mixin.nostalgic_tweaks.json into net.minecraft.world.entity.ai.goal.BreedGoal
[02Feb2026 03:00:18.409] [main/DEBUG] [mixin/]: Mixing gameplay.animal_spawn.TemptGoalMixin from mixin.nostalgic_tweaks.json into net.minecraft.world.entity.ai.goal.TemptGoal
[02Feb2026 03:00:18.422] [main/DEBUG] [mixin/]: Mixing gameplay.mechanics_boat.BoatMixin from mixin.nostalgic_tweaks.json into net.minecraft.world.entity.vehicle.Boat
[02Feb2026 03:00:18.443] [main/DEBUG] [mixin/]: Mixing gameplay.mob_ai.PanicGoalMixin from mixin.nostalgic_tweaks.json into net.minecraft.world.entity.ai.goal.PanicGoal
[02Feb2026 03:00:18.455] [main/DEBUG] [net.minecraftforge.coremod.transformer.CoreModBaseTransformer/COREMOD]: Transforming net/minecraft/world/entity/monster/Spider
[02Feb2026 03:00:18.481] [main/DEBUG] [mixin/]: Mixing gameplay.animal_spawn.ChickenMixin from mixin.nostalgic_tweaks.json into net.minecraft.world.entity.animal.Chicken
[02Feb2026 03:00:18.490] [main/DEBUG] [mixin/]: Mixing gameplay.mob_ai.CreeperMixin from mixin.nostalgic_tweaks.json into net.minecraft.world.entity.monster.Creeper
[02Feb2026 03:00:18.491] [main/DEBUG] [mixin/]: Renaming synthetic method lambda$nt_mob_ai$onCreeperTick$0(Lnet/minecraft/world/entity/monster/Creeper;)V to mdbcc857$lambda$nt_mob_ai$onCreeperTick$0$0 in mixin.nostalgic_tweaks.json:gameplay.mob_ai.CreeperMixin
[02Feb2026 03:00:18.504] [main/DEBUG] [net.minecraftforge.coremod.transformer.CoreModBaseTransformer/COREMOD]: Transforming net/minecraft/world/entity/monster/Zombie
[02Feb2026 03:00:18.553] [main/DEBUG] [mixin/]: Mixing gameplay.monster_spawn.ZombieMixin from mixin.nostalgic_tweaks.json into net.minecraft.world.entity.monster.Zombie
[02Feb2026 03:00:18.561] [main/DEBUG] [net.minecraftforge.coremod.transformer.CoreModBaseTransformer/COREMOD]: Transforming net/minecraft/world/entity/monster/ZombieVillager
[02Feb2026 03:00:18.631] [main/DEBUG] [net.minecraftforge.coremod.transformer.CoreModBaseTransformer/COREMOD]: Transforming net/minecraft/world/entity/monster/Evoker$EvokerSummonSpellGoal
[02Feb2026 03:00:18.654] [main/DEBUG] [mixin/]: Mixing gameplay.mob_ai.FleeSunGoalMixin from mixin.nostalgic_tweaks.json into net.minecraft.world.entity.ai.goal.FleeSunGoal
[02Feb2026 03:00:18.671] [main/DEBUG] [mixin/]: Mixing gameplay.mob_ai.SquidMixin from mixin.nostalgic_tweaks.json into net.minecraft.world.entity.animal.Squid
[02Feb2026 03:00:18.674] [main/DEBUG] [mixin/]: Mixing gameplay.mob_ai.SquidFleeGoalMixin from mixin.nostalgic_tweaks.json into net.minecraft.world.entity.animal.Squid$SquidFleeGoal
[02Feb2026 03:00:18.734] [main/DEBUG] [mixin/]: Mixing gameplay.monster_spawn.PiglinMixin from mixin.nostalgic_tweaks.json into net.minecraft.world.entity.monster.piglin.Piglin
[02Feb2026 03:00:18.761] [main/DEBUG] [mixin/]: Mixing SheepAccess from mixin.nostalgic_tweaks-access.json into net.minecraft.world.entity.animal.Sheep
[02Feb2026 03:00:18.762] [main/DEBUG] [mixin/]: Renaming @Accessor method NT$ITEM_BY_DYE()Ljava/util/Map; to NT$ITEM_BY_DYE_$md$bcc857$0 in mixin.nostalgic_tweaks-access.json:SheepAccess
[02Feb2026 03:00:18.765] [main/DEBUG] [mixin/]: Mixing gameplay.animal_sheep.EatBlockGoalMixin from mixin.nostalgic_tweaks.json into net.minecraft.world.entity.ai.goal.EatBlockGoal
[02Feb2026 03:00:18.779] [main/DEBUG] [net.minecraftforge.coremod.transformer.CoreModBaseTransformer/COREMOD]: Transforming net/minecraft/world/entity/animal/horse/SkeletonTrapGoal
[02Feb2026 03:00:18.792] [main/DEBUG] [net.minecraftforge.coremod.transformer.CoreModBaseTransformer/COREMOD]: Transforming net/minecraft/world/entity/monster/Strider
[02Feb2026 03:00:18.881] [main/DEBUG] [net.minecraftforge.coremod.transformer.CoreModBaseTransformer/COREMOD]: Transforming net/minecraft/world/entity/npc/Villager
[02Feb2026 03:00:18.949] [main/DEBUG] [mixin/]: Mixing gameplay.mechanics_fishing.FishingHookMixin from mixin.nostalgic_tweaks.json into net.minecraft.world.entity.projectile.FishingHook
[02Feb2026 03:00:18.968] [main/DEBUG] [mixin/]: Mixing inject.MixinFoodPropertiesBuilder from architectury-common.mixins.json into net.minecraft.world.food.FoodProperties$Builder
[02Feb2026 03:00:18.970] [main/DEBUG] [net.minecraftforge.coremod.transformer.CoreModBaseTransformer/COREMOD]: Transforming net/minecraft/world/effect/MobEffectInstance
[02Feb2026 03:00:18.993] [main/DEBUG] [mixin/]: Mixing gameplay.combat_bow.ServerGamePacketListenerImplMixin from mixin.nostalgic_tweaks.json into net.minecraft.server.network.ServerGamePacketListenerImpl
[02Feb2026 03:00:18.994] [main/DEBUG] [mixin/]: Mixing gameplay.combat_player.ServerGamePacketListenerImplMixin from mixin.nostalgic_tweaks.json into net.minecraft.server.network.ServerGamePacketListenerImpl
[02Feb2026 03:00:19.080] [main/DEBUG] [mixin/]: Mixing ChunkGeneratorAccessor from moderner_beta-common.mixins.json into net.minecraft.world.level.chunk.ChunkGenerator
[02Feb2026 03:00:19.080] [main/DEBUG] [mixin/]: Mixing ChunkGeneratorAccessor from moderner_beta-forgelike.mixins.json into net.minecraft.world.level.chunk.ChunkGenerator
[02Feb2026 03:00:19.276] [main/DEBUG] [mixin/]: Mixing SnowAndFreezeFeatureMixin from moderner_beta-common.mixins.json into net.minecraft.world.level.levelgen.feature.SnowAndFreezeFeature
[02Feb2026 03:00:19.276] [main/DEBUG] [mixin/]: Renaming synthetic method lambda$injectPlace$0(Lnet/minecraft/core/Holder$Reference;Lnet/minecraft/core/HolderSet;)Z to mdbcc857$lambda$injectPlace$0$0 in moderner_beta-common.mixins.json:SnowAndFreezeFeatureMixin
[02Feb2026 03:00:19.311] [main/DEBUG] [mixin/]: Mixing PlacedFeatureAccessor from moderner_beta-common.mixins.json into net.minecraft.world.level.levelgen.placement.PlacedFeature
[02Feb2026 03:00:19.401] [main/DEBUG] [net.minecraftforge.coremod.transformer.CoreModBaseTransformer/COREMOD]: Transforming net/minecraft/world/level/levelgen/structure/Structure
[02Feb2026 03:00:19.402] [main/DEBUG] [mixin/]: Mixing StructureMixin from moderner_beta-common.mixins.json into net.minecraft.world.level.levelgen.structure.Structure
[02Feb2026 03:00:19.434] [main/DEBUG] [net.minecraftforge.coremod.transformer.CoreModBaseTransformer/COREMOD]: Transforming net/minecraft/world/level/levelgen/structure/structures/OceanRuinPieces$OceanRuinPiece
[02Feb2026 03:00:19.451] [main/DEBUG] [net.minecraftforge.coremod.transformer.CoreModBaseTransformer/COREMOD]: Transforming net/minecraft/world/level/levelgen/structure/structures/SwampHutPiece
[02Feb2026 03:00:19.469] [main/DEBUG] [net.minecraftforge.coremod.transformer.CoreModBaseTransformer/COREMOD]: Transforming net/minecraft/world/level/levelgen/structure/structures/OceanMonumentPieces$OceanMonumentPiece
[02Feb2026 03:00:19.486] [main/DEBUG] [net.minecraftforge.coremod.transformer.CoreModBaseTransformer/COREMOD]: Transforming net/minecraft/world/level/levelgen/structure/structures/WoodlandMansionPieces$WoodlandMansionPiece
[02Feb2026 03:00:19.580] [main/DEBUG] [net.minecraftforge.coremod.transformer.CoreModBaseTransformer/COREMOD]: Transforming net/minecraft/world/level/biome/Biome
[02Feb2026 03:00:19.580] [main/DEBUG] [mixin/]: Mixing BiomeMixin from moderner_beta-common.mixins.json into net.minecraft.world.level.biome.Biome
[02Feb2026 03:00:19.582] [main/DEBUG] [mixin/]: Mixing BiomeAccessor from moderner_beta-common.mixins.json into net.minecraft.world.level.biome.Biome
[02Feb2026 03:00:19.622] [main/DEBUG] [mixin/]: Mixing RegistryOpsAccessor from moderner_beta-common.mixins.json into net.minecraft.resources.RegistryOps
[02Feb2026 03:00:19.893] [main/DEBUG] [io.netty.util.internal.PlatformDependent0/]: -Dio.netty.noUnsafe: false
[02Feb2026 03:00:19.893] [main/DEBUG] [io.netty.util.internal.PlatformDependent0/]: Java version: 17
[02Feb2026 03:00:19.894] [main/DEBUG] [io.netty.util.internal.PlatformDependent0/]: sun.misc.Unsafe.theUnsafe: available
[02Feb2026 03:00:19.894] [main/DEBUG] [io.netty.util.internal.PlatformDependent0/]: sun.misc.Unsafe.copyMemory: available
[02Feb2026 03:00:19.894] [main/DEBUG] [io.netty.util.internal.PlatformDependent0/]: sun.misc.Unsafe.storeFence: available
[02Feb2026 03:00:19.894] [main/DEBUG] [io.netty.util.internal.PlatformDependent0/]: java.nio.Buffer.address: available
[02Feb2026 03:00:19.895] [main/DEBUG] [io.netty.util.internal.PlatformDependent0/]: direct buffer constructor: unavailable
java.lang.UnsupportedOperationException: Reflective setAccessible(true) disabled
	at io.netty.util.internal.ReflectionUtil.trySetAccessible(ReflectionUtil.java:31) ~[netty-common-4.1.82.Final.jar%2382!/:4.1.82.Final]
	at io.netty.util.internal.PlatformDependent0$5.run(PlatformDependent0.java:288) ~[netty-common-4.1.82.Final.jar%2382!/:4.1.82.Final]
	at java.security.AccessController.doPrivileged(AccessController.java:318) ~[?:?]
	at io.netty.util.internal.PlatformDependent0.<clinit>(PlatformDependent0.java:282) ~[netty-common-4.1.82.Final.jar%2382!/:4.1.82.Final]
	at io.netty.util.internal.PlatformDependent.isAndroid(PlatformDependent.java:333) ~[netty-common-4.1.82.Final.jar%2382!/:4.1.82.Final]
	at io.netty.util.internal.PlatformDependent.<clinit>(PlatformDependent.java:88) ~[netty-common-4.1.82.Final.jar%2382!/:4.1.82.Final]
	at io.netty.util.ConstantPool.<init>(ConstantPool.java:34) ~[netty-common-4.1.82.Final.jar%2382!/:4.1.82.Final]
	at io.netty.util.AttributeKey$1.<init>(AttributeKey.java:27) ~[netty-common-4.1.82.Final.jar%2382!/:4.1.82.Final]
	at io.netty.util.AttributeKey.<clinit>(AttributeKey.java:27) ~[netty-common-4.1.82.Final.jar%2382!/:4.1.82.Final]
	at net.minecraftforge.network.NetworkConstants.<clinit>(NetworkConstants.java:34) ~[forge-1.20.1-47.4.10-universal.jar%23120!/:?]
	at net.minecraftforge.network.NetworkHooks.init(NetworkHooks.java:52) ~[forge-1.20.1-47.4.10-universal.jar%23120!/:?]
	at net.minecraft.server.Bootstrap.m_135870_(Bootstrap.java:62) ~[server-1.20.1-20230612.114412-srg.jar%23115!/:?]
	at net.minecraft.server.Main.main(Main.java:121) ~[server-1.20.1-20230612.114412-srg.jar%23115!/:?]
	at jdk.internal.reflect.NativeMethodAccessorImpl.invoke0(Native Method) ~[?:?]
	at jdk.internal.reflect.NativeMethodAccessorImpl.invoke(NativeMethodAccessorImpl.java:77) ~[?:?]
	at jdk.internal.reflect.DelegatingMethodAccessorImpl.invoke(DelegatingMethodAccessorImpl.java:43) ~[?:?]
	at java.lang.reflect.Method.invoke(Method.java:569) ~[?:?]
	at net.minecraftforge.fml.loading.targets.CommonLaunchHandler.runTarget(CommonLaunchHandler.java:111) ~[fmlloader-1.20.1-47.4.10.jar%2369!/:?]
	at net.minecraftforge.fml.loading.targets.CommonLaunchHandler.serverService(CommonLaunchHandler.java:103) ~[fmlloader-1.20.1-47.4.10.jar%2369!/:?]
	at net.minecraftforge.fml.loading.targets.CommonServerLaunchHandler.lambda$makeService$0(CommonServerLaunchHandler.java:27) ~[fmlloader-1.20.1-47.4.10.jar%2369!/:?]
	at cpw.mods.modlauncher.LaunchServiceHandlerDecorator.launch(LaunchServiceHandlerDecorator.java:30) ~[modlauncher-10.0.9.jar%2355!/:?]
	at cpw.mods.modlauncher.LaunchServiceHandler.launch(LaunchServiceHandler.java:53) ~[modlauncher-10.0.9.jar%2355!/:?]
	at cpw.mods.modlauncher.LaunchServiceHandler.launch(LaunchServiceHandler.java:71) ~[modlauncher-10.0.9.jar%2355!/:?]
	at cpw.mods.modlauncher.Launcher.run(Launcher.java:108) ~[modlauncher-10.0.9.jar%2355!/:?]
	at cpw.mods.modlauncher.Launcher.main(Launcher.java:78) ~[modlauncher-10.0.9.jar%2355!/:?]
	at cpw.mods.modlauncher.BootstrapLaunchConsumer.accept(BootstrapLaunchConsumer.java:26) ~[modlauncher-10.0.9.jar%2355!/:?]
	at cpw.mods.modlauncher.BootstrapLaunchConsumer.accept(BootstrapLaunchConsumer.java:23) ~[modlauncher-10.0.9.jar%2355!/:?]
	at cpw.mods.bootstraplauncher.BootstrapLauncher.main(BootstrapLauncher.java:141) ~[bootstraplauncher-1.1.2.jar:?]
[02Feb2026 03:00:19.896] [main/DEBUG] [io.netty.util.internal.PlatformDependent0/]: java.nio.Bits.unaligned: available, true
[02Feb2026 03:00:19.896] [main/DEBUG] [io.netty.util.internal.PlatformDependent0/]: jdk.internal.misc.Unsafe.allocateUninitializedArray(int): unavailable
java.lang.IllegalAccessException: class io.netty.util.internal.PlatformDependent0$7 (in module io.netty.common) cannot access class jdk.internal.misc.Unsafe (in module java.base) because module java.base does not export jdk.internal.misc to module io.netty.common
	at jdk.internal.reflect.Reflection.newIllegalAccessException(Reflection.java:392) ~[?:?]
	at java.lang.reflect.AccessibleObject.checkAccess(AccessibleObject.java:674) ~[?:?]
	at java.lang.reflect.Method.invoke(Method.java:561) ~[?:?]
	at io.netty.util.internal.PlatformDependent0$7.run(PlatformDependent0.java:410) ~[netty-common-4.1.82.Final.jar%2382!/:4.1.82.Final]
	at java.security.AccessController.doPrivileged(AccessController.java:318) ~[?:?]
	at io.netty.util.internal.PlatformDependent0.<clinit>(PlatformDependent0.java:401) ~[netty-common-4.1.82.Final.jar%2382!/:4.1.82.Final]
	at io.netty.util.internal.PlatformDependent.isAndroid(PlatformDependent.java:333) ~[netty-common-4.1.82.Final.jar%2382!/:4.1.82.Final]
	at io.netty.util.internal.PlatformDependent.<clinit>(PlatformDependent.java:88) ~[netty-common-4.1.82.Final.jar%2382!/:4.1.82.Final]
	at io.netty.util.ConstantPool.<init>(ConstantPool.java:34) ~[netty-common-4.1.82.Final.jar%2382!/:4.1.82.Final]
	at io.netty.util.AttributeKey$1.<init>(AttributeKey.java:27) ~[netty-common-4.1.82.Final.jar%2382!/:4.1.82.Final]
	at io.netty.util.AttributeKey.<clinit>(AttributeKey.java:27) ~[netty-common-4.1.82.Final.jar%2382!/:4.1.82.Final]
	at net.minecraftforge.network.NetworkConstants.<clinit>(NetworkConstants.java:34) ~[forge-1.20.1-47.4.10-universal.jar%23120!/:?]
	at net.minecraftforge.network.NetworkHooks.init(NetworkHooks.java:52) ~[forge-1.20.1-47.4.10-universal.jar%23120!/:?]
	at net.minecraft.server.Bootstrap.m_135870_(Bootstrap.java:62) ~[server-1.20.1-20230612.114412-srg.jar%23115!/:?]
	at net.minecraft.server.Main.main(Main.java:121) ~[server-1.20.1-20230612.114412-srg.jar%23115!/:?]
	at jdk.internal.reflect.NativeMethodAccessorImpl.invoke0(Native Method) ~[?:?]
	at jdk.internal.reflect.NativeMethodAccessorImpl.invoke(NativeMethodAccessorImpl.java:77) ~[?:?]
	at jdk.internal.reflect.DelegatingMethodAccessorImpl.invoke(DelegatingMethodAccessorImpl.java:43) ~[?:?]
	at java.lang.reflect.Method.invoke(Method.java:569) ~[?:?]
	at net.minecraftforge.fml.loading.targets.CommonLaunchHandler.runTarget(CommonLaunchHandler.java:111) ~[fmlloader-1.20.1-47.4.10.jar%2369!/:?]
	at net.minecraftforge.fml.loading.targets.CommonLaunchHandler.serverService(CommonLaunchHandler.java:103) ~[fmlloader-1.20.1-47.4.10.jar%2369!/:?]
	at net.minecraftforge.fml.loading.targets.CommonServerLaunchHandler.lambda$makeService$0(CommonServerLaunchHandler.java:27) ~[fmlloader-1.20.1-47.4.10.jar%2369!/:?]
	at cpw.mods.modlauncher.LaunchServiceHandlerDecorator.launch(LaunchServiceHandlerDecorator.java:30) ~[modlauncher-10.0.9.jar%2355!/:?]
	at cpw.mods.modlauncher.LaunchServiceHandler.launch(LaunchServiceHandler.java:53) ~[modlauncher-10.0.9.jar%2355!/:?]
	at cpw.mods.modlauncher.LaunchServiceHandler.launch(LaunchServiceHandler.java:71) ~[modlauncher-10.0.9.jar%2355!/:?]
	at cpw.mods.modlauncher.Launcher.run(Launcher.java:108) ~[modlauncher-10.0.9.jar%2355!/:?]
	at cpw.mods.modlauncher.Launcher.main(Launcher.java:78) ~[modlauncher-10.0.9.jar%2355!/:?]
	at cpw.mods.modlauncher.BootstrapLaunchConsumer.accept(BootstrapLaunchConsumer.java:26) ~[modlauncher-10.0.9.jar%2355!/:?]
	at cpw.mods.modlauncher.BootstrapLaunchConsumer.accept(BootstrapLaunchConsumer.java:23) ~[modlauncher-10.0.9.jar%2355!/:?]
	at cpw.mods.bootstraplauncher.BootstrapLauncher.main(BootstrapLauncher.java:141) ~[bootstraplauncher-1.1.2.jar:?]
[02Feb2026 03:00:19.897] [main/DEBUG] [io.netty.util.internal.PlatformDependent0/]: java.nio.DirectByteBuffer.<init>(long, int): unavailable
[02Feb2026 03:00:19.897] [main/DEBUG] [io.netty.util.internal.PlatformDependent/]: sun.misc.Unsafe: available
[02Feb2026 03:00:19.898] [main/DEBUG] [io.netty.util.internal.PlatformDependent/]: maxDirectMemory: 12884901888 bytes (maybe)
[02Feb2026 03:00:19.898] [main/DEBUG] [io.netty.util.internal.PlatformDependent/]: -Dio.netty.tmpdir: /tmp (java.io.tmpdir)
[02Feb2026 03:00:19.898] [main/DEBUG] [io.netty.util.internal.PlatformDependent/]: -Dio.netty.bitMode: 64 (sun.arch.data.model)
[02Feb2026 03:00:19.898] [main/DEBUG] [io.netty.util.internal.PlatformDependent/]: -Dio.netty.maxDirectMemory: -1 bytes
[02Feb2026 03:00:19.898] [main/DEBUG] [io.netty.util.internal.PlatformDependent/]: -Dio.netty.uninitializedArrayAllocationThreshold: -1
[02Feb2026 03:00:19.899] [main/DEBUG] [io.netty.util.internal.CleanerJava9/]: java.nio.ByteBuffer.cleaner(): available
[02Feb2026 03:00:19.899] [main/DEBUG] [io.netty.util.internal.PlatformDependent/]: -Dio.netty.noPreferDirect: false
[02Feb2026 03:00:19.959] [main/DEBUG] [net.minecraftforge.network.NetworkHooks/]: Loading Network data for FML net version: FML3
[02Feb2026 03:00:19.989] [main/DEBUG] [net.minecraftforge.common.ForgeI18n/CORE]: Loading I18N data entries: 6434
[02Feb2026 03:00:20.007] [main/DEBUG] [net.minecraftforge.fml.ModWorkManager/LOADING]: Using 4 threads for parallel mod-loading
[02Feb2026 03:00:20.014] [main/DEBUG] [net.minecraftforge.fml.javafmlmod.FMLJavaModLanguageProvider/LOADING]: Loading FMLModContainer from classloader cpw.mods.modlauncher.TransformingClassLoader@532e27ab - got cpw.mods.cl.ModuleClassLoader@1a1ed4e5
[02Feb2026 03:00:20.016] [main/DEBUG] [net.minecraftforge.fml.javafmlmod.FMLModContainer/LOADING]: Creating FMLModContainer instance for com.mrcrayfish.configured.Configured
[02Feb2026 03:00:20.017] [main/DEBUG] [net.minecraftforge.fml.javafmlmod.FMLJavaModLanguageProvider/LOADING]: Loading FMLModContainer from classloader cpw.mods.modlauncher.TransformingClassLoader@532e27ab - got cpw.mods.cl.ModuleClassLoader@1a1ed4e5
[02Feb2026 03:00:20.017] [main/DEBUG] [net.minecraftforge.fml.javafmlmod.FMLModContainer/LOADING]: Creating FMLModContainer instance for mod.bluestaggo.modernerbeta.forgelike.ModEventsCommon
[02Feb2026 03:00:20.018] [main/DEBUG] [net.minecraftforge.fml.javafmlmod.FMLJavaModLanguageProvider/LOADING]: Loading FMLModContainer from classloader cpw.mods.modlauncher.TransformingClassLoader@532e27ab - got cpw.mods.cl.ModuleClassLoader@1a1ed4e5
[02Feb2026 03:00:20.019] [main/DEBUG] [net.minecraftforge.fml.javafmlmod.FMLModContainer/LOADING]: Creating FMLModContainer instance for net.mcreator.thewonderland.TheWonderlandMod
[02Feb2026 03:00:20.019] [main/DEBUG] [net.minecraftforge.fml.javafmlmod.FMLJavaModLanguageProvider/LOADING]: Loading FMLModContainer from classloader cpw.mods.modlauncher.TransformingClassLoader@532e27ab - got cpw.mods.cl.ModuleClassLoader@1a1ed4e5
[02Feb2026 03:00:20.019] [main/DEBUG] [net.minecraftforge.fml.javafmlmod.FMLModContainer/LOADING]: Creating FMLModContainer instance for net.minecraftforge.common.ForgeMod
[02Feb2026 03:00:20.022] [main/DEBUG] [net.minecraftforge.fml.javafmlmod.FMLJavaModLanguageProvider/LOADING]: Loading FMLModContainer from classloader cpw.mods.modlauncher.TransformingClassLoader@532e27ab - got cpw.mods.cl.ModuleClassLoader@1a1ed4e5
[02Feb2026 03:00:20.022] [main/DEBUG] [net.minecraftforge.fml.javafmlmod.FMLModContainer/LOADING]: Creating FMLModContainer instance for software.bernie.example.GeckoLibMod
[02Feb2026 03:00:20.022] [main/DEBUG] [net.minecraftforge.fml.javafmlmod.FMLJavaModLanguageProvider/LOADING]: Loading FMLModContainer from classloader cpw.mods.modlauncher.TransformingClassLoader@532e27ab - got cpw.mods.cl.ModuleClassLoader@1a1ed4e5
[02Feb2026 03:00:20.022] [main/DEBUG] [net.minecraftforge.fml.javafmlmod.FMLModContainer/LOADING]: Creating FMLModContainer instance for dev.architectury.forge.ArchitecturyForge
[02Feb2026 03:00:20.023] [main/DEBUG] [net.minecraftforge.fml.javafmlmod.FMLJavaModLanguageProvider/LOADING]: Loading FMLModContainer from classloader cpw.mods.modlauncher.TransformingClassLoader@532e27ab - got cpw.mods.cl.ModuleClassLoader@1a1ed4e5
[02Feb2026 03:00:20.023] [main/DEBUG] [net.minecraftforge.fml.javafmlmod.FMLModContainer/LOADING]: Creating FMLModContainer instance for nya.tuyw.addurdisc.AddurDisc
[02Feb2026 03:00:20.023] [main/DEBUG] [net.minecraftforge.fml.javafmlmod.FMLJavaModLanguageProvider/LOADING]: Loading FMLModContainer from classloader cpw.mods.modlauncher.TransformingClassLoader@532e27ab - got cpw.mods.cl.ModuleClassLoader@1a1ed4e5
[02Feb2026 03:00:20.023] [main/DEBUG] [net.minecraftforge.fml.javafmlmod.FMLModContainer/LOADING]: Creating FMLModContainer instance for mod.adrenix.nostalgic.forge.NostalgicForge
[02Feb2026 03:00:20.041] [modloading-worker-0/DEBUG] [net.minecraftforge.fml.javafmlmod.AutomaticEventSubscriber/LOADING]: Attempting to inject @EventBusSubscriber classes into the eventbus for configured
[02Feb2026 03:00:20.050] [modloading-worker-0/DEBUG] [net.minecraftforge.fml.javafmlmod.AutomaticEventSubscriber/LOADING]: Attempting to inject @EventBusSubscriber classes into the eventbus for moderner_beta
[02Feb2026 03:00:20.051] [modloading-worker-0/DEBUG] [net.minecraftforge.fml.javafmlmod.AutomaticEventSubscriber/LOADING]: Auto-subscribing mod.bluestaggo.modernerbeta.forgelike.ModEventsCommon to MOD
[02Feb2026 03:00:20.058] [modloading-worker-0/DEBUG] [net.minecraftforge.versions.forge.ForgeVersion/CORE]: Forge Version package package net.minecraftforge.versions.forge, Forge, version 47.4 from cpw.mods.modlauncher.TransformingClassLoader@532e27ab
[02Feb2026 03:00:20.058] [modloading-worker-0/DEBUG] [net.minecraftforge.versions.forge.ForgeVersion/CORE]: Found Forge version 47.4.10
[02Feb2026 03:00:20.058] [modloading-worker-0/DEBUG] [net.minecraftforge.versions.forge.ForgeVersion/CORE]: Found Forge spec 47.4
[02Feb2026 03:00:20.058] [modloading-worker-0/DEBUG] [net.minecraftforge.versions.forge.ForgeVersion/CORE]: Found Forge group net.minecraftforge
[02Feb2026 03:00:20.059] [modloading-worker-0/DEBUG] [net.minecraftforge.versions.mcp.MCPVersion/CORE]: MCP Version package package net.minecraftforge.versions.mcp, Minecraft, version 1.20.1 from cpw.mods.modlauncher.TransformingClassLoader@532e27ab
[02Feb2026 03:00:20.059] [modloading-worker-0/DEBUG] [net.minecraftforge.versions.mcp.MCPVersion/CORE]: Found MC version information 1.20.1
[02Feb2026 03:00:20.059] [modloading-worker-0/DEBUG] [net.minecraftforge.versions.mcp.MCPVersion/CORE]: Found MCP version information 20230612.114412
[02Feb2026 03:00:20.059] [modloading-worker-0/INFO] [net.minecraftforge.common.ForgeMod/FORGEMOD]: Forge mod loading, version 47.4.10, for MC 1.20.1 with MCP 20230612.114412
[02Feb2026 03:00:20.060] [modloading-worker-0/INFO] [net.minecraftforge.common.MinecraftForge/FORGE]: MinecraftForge v47.4.10 Initialized
[02Feb2026 03:00:20.066] [modloading-worker-0/DEBUG] [net.minecraftforge.fml.javafmlmod.AutomaticEventSubscriber/LOADING]: Auto-subscribing mod.bluestaggo.modernerbeta.forgelike.GameEventsCommon to FORGE
[02Feb2026 03:00:20.101] [modloading-worker-0/DEBUG] [net.minecraftforge.fml.javafmlmod.AutomaticEventSubscriber/LOADING]: Attempting to inject @EventBusSubscriber classes into the eventbus for geckolib
[02Feb2026 03:00:20.101] [modloading-worker-0/DEBUG] [net.minecraftforge.fml.javafmlmod.AutomaticEventSubscriber/LOADING]: Auto-subscribing software.bernie.example.GeckoLibMod to FORGE
[02Feb2026 03:00:20.101] [modloading-worker-0/DEBUG] [net.minecraftforge.fml.javafmlmod.AutomaticEventSubscriber/LOADING]: Auto-subscribing software.bernie.example.CommonListener to MOD
[02Feb2026 03:00:20.119] [modloading-worker-0/INFO] [Moderner Beta/]: [Moderner Beta] Initializing Moderner Beta...
[02Feb2026 03:00:20.138] [modloading-worker-0/DEBUG] [mixin/]: Mixing MixinLevelEvent from architectury.mixins.json into net.minecraftforge.event.level.LevelEvent
[02Feb2026 03:00:20.152] [modloading-worker-0/DEBUG] [net.minecraftforge.fml.config.ConfigTracker/CONFIG]: Config file addurdisc-common.toml for addurdisc tracking
[02Feb2026 03:00:20.156] [modloading-worker-0/DEBUG] [net.minecraftforge.fml.config.ConfigTracker/CONFIG]: Config file forge-client.toml for forge tracking
[02Feb2026 03:00:20.157] [modloading-worker-0/DEBUG] [net.minecraftforge.fml.config.ConfigTracker/CONFIG]: Config file forge-server.toml for forge tracking
[02Feb2026 03:00:20.157] [modloading-worker-0/DEBUG] [net.minecraftforge.fml.ModLoadingContext/]: Attempted to register an empty config for type COMMON on mod forge
[02Feb2026 03:00:20.168] [modloading-worker-0/DEBUG] [nya.tuyw.addurdisc.AddurDisc/]: custom path now :/workspaces/servidora/servidor_minecraft
[02Feb2026 03:00:20.169] [modloading-worker-0/DEBUG] [nya.tuyw.addurdisc.AddurDisc/]: resources path all ready
[02Feb2026 03:00:20.176] [modloading-worker-0/DEBUG] [nya.tuyw.addurdisc.AddurDisc/]: pack.mcmeta initialization is complete
[02Feb2026 03:00:20.176] [modloading-worker-0/DEBUG] [net.minecraftforge.fml.javafmlmod.AutomaticEventSubscriber/LOADING]: Attempting to inject @EventBusSubscriber classes into the eventbus for addurdisc
[02Feb2026 03:00:20.176] [modloading-worker-0/DEBUG] [net.minecraftforge.fml.javafmlmod.AutomaticEventSubscriber/LOADING]: Auto-subscribing nya.tuyw.addurdisc.init.ModInitialize to MOD
[02Feb2026 03:00:20.184] [modloading-worker-0/DEBUG] [net.minecraftforge.fml.javafmlmod.AutomaticEventSubscriber/LOADING]: Auto-subscribing nya.tuyw.addurdisc.PackFinder.addPackFinder to MOD
[02Feb2026 03:00:20.197] [modloading-worker-0/DEBUG] [net.minecraftforge.fml.javafmlmod.AutomaticEventSubscriber/LOADING]: Attempting to inject @EventBusSubscriber classes into the eventbus for forge
[02Feb2026 03:00:20.200] [modloading-worker-0/DEBUG] [net.minecraftforge.fml.javafmlmod.AutomaticEventSubscriber/LOADING]: Auto-subscribing net.minecraftforge.common.ForgeSpawnEggItem$CommonHandler to MOD
[02Feb2026 03:00:20.210] [modloading-worker-0/INFO] [dev.architectury.networking.forge.NetworkManagerImpl/]: Registering C2S receiver with id architectury:sync_ids
[02Feb2026 03:00:20.210] [modloading-worker-0/INFO] [dev.architectury.networking.forge.NetworkManagerImpl/]: Registering C2S receiver with id nostalgic_tweaks:network/bc41b558e63e3acabdf17e4af2ce19d5
[02Feb2026 03:00:20.211] [modloading-worker-0/INFO] [dev.architectury.networking.forge.NetworkManagerImpl/]: Registering C2S receiver with id nostalgic_tweaks:network/820512a6d7f93443a0f01cb3ca37c198
[02Feb2026 03:00:20.213] [modloading-worker-0/INFO] [dev.architectury.networking.forge.NetworkManagerImpl/]: Registering C2S receiver with id nostalgic_tweaks:network/21098d7225753c7582cbb14b516549ea
[02Feb2026 03:00:20.214] [modloading-worker-0/INFO] [dev.architectury.networking.forge.NetworkManagerImpl/]: Registering C2S receiver with id nostalgic_tweaks:network/11793fac87ff33e0bab6a9ba4f058bcd
[02Feb2026 03:00:20.217] [modloading-worker-0/INFO] [dev.architectury.networking.forge.NetworkManagerImpl/]: Registering C2S receiver with id nostalgic_tweaks:network/8674a600f2ce30db90592165bf992749
[02Feb2026 03:00:20.219] [modloading-worker-0/INFO] [dev.architectury.networking.forge.NetworkManagerImpl/]: Registering C2S receiver with id nostalgic_tweaks:network/969ef2fbc52c3b61b27dff82e153d246
[02Feb2026 03:00:20.221] [modloading-worker-0/INFO] [dev.architectury.networking.forge.NetworkManagerImpl/]: Registering C2S receiver with id nostalgic_tweaks:network/3d890de0705738479f5f0dfe78a8d6c5
[02Feb2026 03:00:20.223] [modloading-worker-0/INFO] [dev.architectury.networking.forge.NetworkManagerImpl/]: Registering C2S receiver with id nostalgic_tweaks:network/ab5da9787d3a3059acdd1d3d9c9de62c
[02Feb2026 03:00:20.226] [modloading-worker-0/INFO] [dev.architectury.networking.forge.NetworkManagerImpl/]: Registering C2S receiver with id nostalgic_tweaks:network/2a6fec000243327889169fa42ce4fbc5
[02Feb2026 03:00:20.227] [modloading-worker-0/DEBUG] [net.minecraftforge.fml.javafmlmod.AutomaticEventSubscriber/LOADING]: Attempting to inject @EventBusSubscriber classes into the eventbus for architectury
[02Feb2026 03:00:20.227] [modloading-worker-0/DEBUG] [net.minecraftforge.fml.javafmlmod.AutomaticEventSubscriber/LOADING]: Auto-subscribing dev.architectury.registry.level.entity.trade.forge.TradeRegistryImpl to FORGE
[02Feb2026 03:00:20.227] [modloading-worker-0/INFO] [dev.architectury.networking.forge.NetworkManagerImpl/]: Registering C2S receiver with id nostalgic_tweaks:network/bdab90c35a883ff89330fc0a96e5ddd0
[02Feb2026 03:00:20.228] [modloading-worker-0/INFO] [dev.architectury.networking.forge.NetworkManagerImpl/]: Registering C2S receiver with id nostalgic_tweaks:network/3b822ae7a3c3385dad973fd078df36e2
[02Feb2026 03:00:20.230] [modloading-worker-0/INFO] [dev.architectury.networking.forge.NetworkManagerImpl/]: Registering C2S receiver with id nostalgic_tweaks:network/306645865c573c6eb8a072650dff738c
[02Feb2026 03:00:20.230] [modloading-worker-0/INFO] [dev.architectury.networking.forge.NetworkManagerImpl/]: Registering C2S receiver with id nostalgic_tweaks:network/fc2384c1d2c5326d9f22ae3a721471fb
[02Feb2026 03:00:20.231] [modloading-worker-0/DEBUG] [net.minecraftforge.fml.javafmlmod.AutomaticEventSubscriber/LOADING]: Auto-subscribing dev.architectury.registry.forge.ReloadListenerRegistryImpl to FORGE
[02Feb2026 03:00:20.232] [modloading-worker-0/DEBUG] [net.minecraftforge.fml.javafmlmod.AutomaticEventSubscriber/LOADING]: Auto-subscribing dev.architectury.networking.forge.NetworkManagerImpl to FORGE
[02Feb2026 03:00:20.231] [modloading-worker-0/INFO] [dev.architectury.networking.forge.NetworkManagerImpl/]: Registering C2S receiver with id nostalgic_tweaks:network/411c07a15d05394294d2afaccd64b8d6
[02Feb2026 03:00:20.235] [modloading-worker-0/INFO] [dev.architectury.networking.forge.NetworkManagerImpl/]: Registering C2S receiver with id nostalgic_tweaks:network/1c61c7ccaff23a56ab28d5bcef033c02
[02Feb2026 03:00:20.236] [modloading-worker-0/INFO] [dev.architectury.networking.forge.NetworkManagerImpl/]: Registering C2S receiver with id nostalgic_tweaks:network/1c6e0806beb13bd2885dba3a15b923e9
[02Feb2026 03:00:20.237] [modloading-worker-0/INFO] [dev.architectury.networking.forge.NetworkManagerImpl/]: Registering C2S receiver with id nostalgic_tweaks:network/9070784315da3402b442e6b9b44ab7a7
[02Feb2026 03:00:20.239] [modloading-worker-0/INFO] [dev.architectury.networking.forge.NetworkManagerImpl/]: Registering C2S receiver with id nostalgic_tweaks:network/e3a42c34d1e136a3aabe0ef8ea51d4f4
[02Feb2026 03:00:20.240] [modloading-worker-0/INFO] [dev.architectury.networking.forge.NetworkManagerImpl/]: Registering C2S receiver with id nostalgic_tweaks:network/b524398881293423826ab26801d34d51
[02Feb2026 03:00:20.240] [modloading-worker-0/INFO] [dev.architectury.networking.forge.NetworkManagerImpl/]: Registering C2S receiver with id nostalgic_tweaks:network/9f216412f3453b6b8a0cc24053d5aa74
[02Feb2026 03:00:20.241] [modloading-worker-0/INFO] [dev.architectury.networking.forge.NetworkManagerImpl/]: Registering C2S receiver with id nostalgic_tweaks:network/a325be47afcb37b0a9fcb115dbef3fa2
[02Feb2026 03:00:20.242] [modloading-worker-0/INFO] [dev.architectury.networking.forge.NetworkManagerImpl/]: Registering C2S receiver with id nostalgic_tweaks:network/619d7cf1ba8a304e8ac5d4a79815d163
[02Feb2026 03:00:20.243] [modloading-worker-0/INFO] [dev.architectury.networking.forge.NetworkManagerImpl/]: Registering C2S receiver with id nostalgic_tweaks:network/7b3063ebfe393e4d96139c4956d6e33b
[02Feb2026 03:00:20.244] [modloading-worker-0/INFO] [dev.architectury.networking.forge.NetworkManagerImpl/]: Registering C2S receiver with id nostalgic_tweaks:network/0271a89daae1311791bd6cbf12bb50f9
[02Feb2026 03:00:20.247] [modloading-worker-0/INFO] [dev.architectury.networking.forge.NetworkManagerImpl/]: Registering C2S receiver with id nostalgic_tweaks:network/b7ef395438493fa9a795101309af431c
[02Feb2026 03:00:20.248] [modloading-worker-0/INFO] [dev.architectury.networking.forge.NetworkManagerImpl/]: Registering C2S receiver with id nostalgic_tweaks:network/767d86d5104c37a09db037c33aa48936
[02Feb2026 03:00:20.253] [modloading-worker-0/INFO] [dev.architectury.networking.forge.NetworkManagerImpl/]: Registering C2S receiver with id nostalgic_tweaks:network/34ed7a68804a3ae69029f532dae3b879
[02Feb2026 03:00:20.253] [modloading-worker-0/INFO] [dev.architectury.networking.forge.NetworkManagerImpl/]: Registering C2S receiver with id nostalgic_tweaks:network/5d9caea230a13edd8c4dd42e03846a67
[02Feb2026 03:00:20.254] [modloading-worker-0/INFO] [dev.architectury.networking.forge.NetworkManagerImpl/]: Registering C2S receiver with id nostalgic_tweaks:network/29cd8aa911f53c0bb34be0b3190642b0
[02Feb2026 03:00:20.255] [modloading-worker-0/INFO] [dev.architectury.networking.forge.NetworkManagerImpl/]: Registering C2S receiver with id nostalgic_tweaks:network/9fe28abb236a314ebace50a1d4f22013
[02Feb2026 03:00:20.256] [modloading-worker-0/INFO] [dev.architectury.networking.forge.NetworkManagerImpl/]: Registering C2S receiver with id nostalgic_tweaks:network/b7da3d02a3d6328baaa1dfb2f1f574e9
[02Feb2026 03:00:20.257] [modloading-worker-0/INFO] [dev.architectury.networking.forge.NetworkManagerImpl/]: Registering C2S receiver with id nostalgic_tweaks:network/f6e0a90a5f643a179af3fe90da76b473
[02Feb2026 03:00:20.303] [modloading-worker-0/DEBUG] [net.minecraftforge.coremod.transformer.CoreModBaseTransformer/COREMOD]: Transforming net/minecraft/world/entity/raid/Raid
[02Feb2026 03:00:20.393] [modloading-worker-0/DEBUG] [net.minecraftforge.fml.javafmlmod.AutomaticEventSubscriber/LOADING]: Attempting to inject @EventBusSubscriber classes into the eventbus for the_wonderland
[02Feb2026 03:00:20.393] [modloading-worker-0/DEBUG] [net.minecraftforge.fml.javafmlmod.AutomaticEventSubscriber/LOADING]: Auto-subscribing net.mcreator.thewonderland.world.teleporter.WonderlandTeleporter to MOD
[02Feb2026 03:00:20.397] [modloading-worker-0/DEBUG] [net.minecraftforge.fml.javafmlmod.AutomaticEventSubscriber/LOADING]: Auto-subscribing net.mcreator.thewonderland.world.teleporter.WinterWonderlandTeleporter to MOD
[02Feb2026 03:00:20.400] [modloading-worker-0/DEBUG] [net.minecraftforge.fml.javafmlmod.AutomaticEventSubscriber/LOADING]: Auto-subscribing net.mcreator.thewonderland.world.teleporter.WhatOnceWasTeleporter to MOD
[02Feb2026 03:00:20.402] [modloading-worker-0/DEBUG] [net.minecraftforge.fml.javafmlmod.AutomaticEventSubscriber/LOADING]: Auto-subscribing net.mcreator.thewonderland.world.teleporter.TunnelsTeleporter to MOD
[02Feb2026 03:00:20.404] [modloading-worker-0/DEBUG] [net.minecraftforge.fml.javafmlmod.AutomaticEventSubscriber/LOADING]: Auto-subscribing net.mcreator.thewonderland.world.teleporter.TortureTeleporter to MOD
[02Feb2026 03:00:20.408] [modloading-worker-0/DEBUG] [net.minecraftforge.fml.javafmlmod.AutomaticEventSubscriber/LOADING]: Auto-subscribing net.mcreator.thewonderland.world.teleporter.TheVaultTeleporter to MOD
[02Feb2026 03:00:20.413] [modloading-worker-0/DEBUG] [net.minecraftforge.fml.javafmlmod.AutomaticEventSubscriber/LOADING]: Auto-subscribing net.mcreator.thewonderland.world.teleporter.TheSlipTeleporter to MOD
[02Feb2026 03:00:20.415] [modloading-worker-0/DEBUG] [net.minecraftforge.fml.javafmlmod.AutomaticEventSubscriber/LOADING]: Auto-subscribing net.mcreator.thewonderland.world.teleporter.SequenceTeleporter to MOD
[02Feb2026 03:00:20.422] [modloading-worker-0/DEBUG] [net.minecraftforge.fml.javafmlmod.AutomaticEventSubscriber/LOADING]: Auto-subscribing net.mcreator.thewonderland.world.teleporter.RemembranceTeleporter to MOD
[02Feb2026 03:00:20.429] [modloading-worker-0/DEBUG] [net.minecraftforge.fml.javafmlmod.AutomaticEventSubscriber/LOADING]: Auto-subscribing net.mcreator.thewonderland.world.teleporter.MazeTeleporter to MOD
[02Feb2026 03:00:20.433] [modloading-worker-0/DEBUG] [net.minecraftforge.fml.javafmlmod.AutomaticEventSubscriber/LOADING]: Auto-subscribing net.mcreator.thewonderland.world.teleporter.JungleWarehouseTeleporter to MOD
[02Feb2026 03:00:20.435] [modloading-worker-0/DEBUG] [net.minecraftforge.fml.javafmlmod.AutomaticEventSubscriber/LOADING]: Auto-subscribing net.mcreator.thewonderland.world.teleporter.InconsistencyTeleporter to MOD
[02Feb2026 03:00:20.437] [modloading-worker-0/DEBUG] [net.minecraftforge.fml.javafmlmod.AutomaticEventSubscriber/LOADING]: Auto-subscribing net.mcreator.thewonderland.world.teleporter.EndlessLibraryTeleporter to MOD
[02Feb2026 03:00:20.438] [modloading-worker-0/DEBUG] [net.minecraftforge.fml.javafmlmod.AutomaticEventSubscriber/LOADING]: Auto-subscribing net.mcreator.thewonderland.world.teleporter.EndlessHouseTeleporter to MOD
[02Feb2026 03:00:20.440] [modloading-worker-0/DEBUG] [net.minecraftforge.fml.javafmlmod.AutomaticEventSubscriber/LOADING]: Auto-subscribing net.mcreator.thewonderland.world.teleporter.EndlessFieldTeleporter to MOD
[02Feb2026 03:00:20.446] [modloading-worker-0/DEBUG] [net.minecraftforge.fml.javafmlmod.AutomaticEventSubscriber/LOADING]: Auto-subscribing net.mcreator.thewonderland.world.teleporter.DreamworldTeleporter to MOD
[02Feb2026 03:00:20.448] [modloading-worker-0/DEBUG] [net.minecraftforge.fml.javafmlmod.AutomaticEventSubscriber/LOADING]: Auto-subscribing net.mcreator.thewonderland.world.teleporter.DepthsTeleporter to MOD
[02Feb2026 03:00:20.453] [modloading-worker-0/DEBUG] [net.minecraftforge.fml.javafmlmod.AutomaticEventSubscriber/LOADING]: Auto-subscribing net.mcreator.thewonderland.world.teleporter.CornersTeleporter to MOD
[02Feb2026 03:00:20.455] [modloading-worker-0/DEBUG] [net.minecraftforge.fml.javafmlmod.AutomaticEventSubscriber/LOADING]: Auto-subscribing net.mcreator.thewonderland.world.teleporter.CatacombsTeleporter to MOD
[02Feb2026 03:00:20.459] [modloading-worker-0/DEBUG] [net.minecraftforge.fml.javafmlmod.AutomaticEventSubscriber/LOADING]: Auto-subscribing net.mcreator.thewonderland.world.teleporter.BrickwaysTeleporter to MOD
[02Feb2026 03:00:20.461] [modloading-worker-0/DEBUG] [net.minecraftforge.fml.javafmlmod.AutomaticEventSubscriber/LOADING]: Auto-subscribing net.mcreator.thewonderland.world.teleporter.BedrockHallwaysTeleporter to MOD
[02Feb2026 03:00:20.463] [modloading-worker-0/DEBUG] [net.minecraftforge.fml.javafmlmod.AutomaticEventSubscriber/LOADING]: Auto-subscribing net.mcreator.thewonderland.world.teleporter.AnswerDimensionTeleporter to MOD
[02Feb2026 03:00:20.465] [modloading-worker-0/DEBUG] [net.minecraftforge.fml.javafmlmod.AutomaticEventSubscriber/LOADING]: Auto-subscribing net.mcreator.thewonderland.world.teleporter.AbyssTeleporter to MOD
[02Feb2026 03:00:20.466] [modloading-worker-0/DEBUG] [net.minecraftforge.fml.javafmlmod.AutomaticEventSubscriber/LOADING]: Auto-subscribing net.mcreator.thewonderland.world.features.StructureFeature to FORGE
[02Feb2026 03:00:20.467] [modloading-worker-0/DEBUG] [net.minecraftforge.fml.javafmlmod.AutomaticEventSubscriber/LOADING]: Auto-subscribing net.mcreator.thewonderland.world.dimension.WonderlandDimension to FORGE
[02Feb2026 03:00:20.468] [modloading-worker-0/DEBUG] [net.minecraftforge.fml.javafmlmod.AutomaticEventSubscriber/LOADING]: Auto-subscribing net.mcreator.thewonderland.world.dimension.WonderlandDimension$DimensionSpecialEffectsHandler to MOD
[02Feb2026 03:00:20.468] [modloading-worker-0/DEBUG] [net.minecraftforge.fml.javafmlmod.AutomaticEventSubscriber/LOADING]: Auto-subscribing net.mcreator.thewonderland.world.dimension.WinterWonderlandDimension to FORGE
[02Feb2026 03:00:20.469] [modloading-worker-0/DEBUG] [net.minecraftforge.fml.javafmlmod.AutomaticEventSubscriber/LOADING]: Auto-subscribing net.mcreator.thewonderland.world.dimension.WinterWonderlandDimension$DimensionSpecialEffectsHandler to MOD
[02Feb2026 03:00:20.469] [modloading-worker-0/DEBUG] [net.minecraftforge.fml.javafmlmod.AutomaticEventSubscriber/LOADING]: Auto-subscribing net.mcreator.thewonderland.world.dimension.WhatOnceWasDimension to FORGE
[02Feb2026 03:00:20.470] [modloading-worker-0/DEBUG] [net.minecraftforge.fml.javafmlmod.AutomaticEventSubscriber/LOADING]: Auto-subscribing net.mcreator.thewonderland.world.dimension.WhatOnceWasDimension$DimensionSpecialEffectsHandler to MOD
[02Feb2026 03:00:20.471] [modloading-worker-0/DEBUG] [net.minecraftforge.fml.javafmlmod.AutomaticEventSubscriber/LOADING]: Auto-subscribing net.mcreator.thewonderland.world.dimension.TunnelsDimension to FORGE
[02Feb2026 03:00:20.471] [modloading-worker-0/DEBUG] [net.minecraftforge.fml.javafmlmod.AutomaticEventSubscriber/LOADING]: Auto-subscribing net.mcreator.thewonderland.world.dimension.TunnelsDimension$DimensionSpecialEffectsHandler to MOD
[02Feb2026 03:00:20.472] [modloading-worker-0/DEBUG] [net.minecraftforge.fml.javafmlmod.AutomaticEventSubscriber/LOADING]: Auto-subscribing net.mcreator.thewonderland.world.dimension.TortureDimension to FORGE
[02Feb2026 03:00:20.472] [modloading-worker-0/DEBUG] [net.minecraftforge.fml.javafmlmod.AutomaticEventSubscriber/LOADING]: Auto-subscribing net.mcreator.thewonderland.world.dimension.TortureDimension$DimensionSpecialEffectsHandler to MOD
[02Feb2026 03:00:20.473] [modloading-worker-0/DEBUG] [net.minecraftforge.fml.javafmlmod.AutomaticEventSubscriber/LOADING]: Auto-subscribing net.mcreator.thewonderland.world.dimension.TheVaultDimension to FORGE
[02Feb2026 03:00:20.473] [modloading-worker-0/DEBUG] [net.minecraftforge.fml.javafmlmod.AutomaticEventSubscriber/LOADING]: Auto-subscribing net.mcreator.thewonderland.world.dimension.TheVaultDimension$DimensionSpecialEffectsHandler to MOD
[02Feb2026 03:00:20.474] [modloading-worker-0/DEBUG] [net.minecraftforge.fml.javafmlmod.AutomaticEventSubscriber/LOADING]: Auto-subscribing net.mcreator.thewonderland.world.dimension.TheSlipDimension to FORGE
[02Feb2026 03:00:20.476] [modloading-worker-0/DEBUG] [net.minecraftforge.fml.javafmlmod.AutomaticEventSubscriber/LOADING]: Auto-subscribing net.mcreator.thewonderland.world.dimension.TheSlipDimension$DimensionSpecialEffectsHandler to MOD
[02Feb2026 03:00:20.476] [modloading-worker-0/DEBUG] [net.minecraftforge.fml.javafmlmod.AutomaticEventSubscriber/LOADING]: Auto-subscribing net.mcreator.thewonderland.world.dimension.SequenceDimension to FORGE
[02Feb2026 03:00:20.477] [modloading-worker-0/DEBUG] [net.minecraftforge.fml.javafmlmod.AutomaticEventSubscriber/LOADING]: Auto-subscribing net.mcreator.thewonderland.world.dimension.SequenceDimension$DimensionSpecialEffectsHandler to MOD
[02Feb2026 03:00:20.477] [modloading-worker-0/DEBUG] [net.minecraftforge.fml.javafmlmod.AutomaticEventSubscriber/LOADING]: Auto-subscribing net.mcreator.thewonderland.world.dimension.RemembranceDimension to FORGE
[02Feb2026 03:00:20.477] [modloading-worker-0/INFO] [mod.adrenix.nostalgic.util.common.log.ModLogger/]: [Nostalgic Tweaks] [INFO] [Config Backup] Created new startup config backup at /workspaces/servidora/servidor_minecraft/config/nostalgic_tweaks/backup/nostalgic_tweaks-dedicated_server-startup_backup.json
[02Feb2026 03:00:20.478] [modloading-worker-0/DEBUG] [net.minecraftforge.fml.javafmlmod.AutomaticEventSubscriber/LOADING]: Auto-subscribing net.mcreator.thewonderland.world.dimension.RemembranceDimension$DimensionSpecialEffectsHandler to MOD
[02Feb2026 03:00:20.480] [modloading-worker-0/DEBUG] [net.minecraftforge.fml.javafmlmod.AutomaticEventSubscriber/LOADING]: Auto-subscribing net.mcreator.thewonderland.world.dimension.MazeDimension to FORGE
[02Feb2026 03:00:20.480] [modloading-worker-0/DEBUG] [net.minecraftforge.fml.javafmlmod.AutomaticEventSubscriber/LOADING]: Auto-subscribing net.mcreator.thewonderland.world.dimension.MazeDimension$DimensionSpecialEffectsHandler to MOD
[02Feb2026 03:00:20.481] [modloading-worker-0/DEBUG] [net.minecraftforge.fml.javafmlmod.AutomaticEventSubscriber/LOADING]: Auto-subscribing net.mcreator.thewonderland.world.dimension.JungleWarehouseDimension to FORGE
[02Feb2026 03:00:20.482] [modloading-worker-0/DEBUG] [net.minecraftforge.fml.javafmlmod.AutomaticEventSubscriber/LOADING]: Auto-subscribing net.mcreator.thewonderland.world.dimension.JungleWarehouseDimension$DimensionSpecialEffectsHandler to MOD
[02Feb2026 03:00:20.482] [modloading-worker-0/DEBUG] [net.minecraftforge.fml.javafmlmod.AutomaticEventSubscriber/LOADING]: Auto-subscribing net.mcreator.thewonderland.world.dimension.InconsistencyDimension to FORGE
[02Feb2026 03:00:20.483] [modloading-worker-0/DEBUG] [net.minecraftforge.fml.javafmlmod.AutomaticEventSubscriber/LOADING]: Auto-subscribing net.mcreator.thewonderland.world.dimension.InconsistencyDimension$DimensionSpecialEffectsHandler to MOD
[02Feb2026 03:00:20.483] [modloading-worker-0/DEBUG] [net.minecraftforge.fml.javafmlmod.AutomaticEventSubscriber/LOADING]: Auto-subscribing net.mcreator.thewonderland.world.dimension.EndlessLibraryDimension to FORGE
[02Feb2026 03:00:20.484] [modloading-worker-0/DEBUG] [net.minecraftforge.fml.javafmlmod.AutomaticEventSubscriber/LOADING]: Auto-subscribing net.mcreator.thewonderland.world.dimension.EndlessLibraryDimension$DimensionSpecialEffectsHandler to MOD
[02Feb2026 03:00:20.485] [modloading-worker-0/DEBUG] [net.minecraftforge.fml.javafmlmod.AutomaticEventSubscriber/LOADING]: Auto-subscribing net.mcreator.thewonderland.world.dimension.EndlessHouseDimension to FORGE
[02Feb2026 03:00:20.488] [modloading-worker-0/DEBUG] [net.minecraftforge.fml.javafmlmod.AutomaticEventSubscriber/LOADING]: Auto-subscribing net.mcreator.thewonderland.world.dimension.EndlessHouseDimension$DimensionSpecialEffectsHandler to MOD
[02Feb2026 03:00:20.489] [modloading-worker-0/DEBUG] [net.minecraftforge.fml.javafmlmod.AutomaticEventSubscriber/LOADING]: Auto-subscribing net.mcreator.thewonderland.world.dimension.EndlessFieldDimension to FORGE
[02Feb2026 03:00:20.489] [modloading-worker-0/DEBUG] [net.minecraftforge.fml.javafmlmod.AutomaticEventSubscriber/LOADING]: Auto-subscribing net.mcreator.thewonderland.world.dimension.EndlessFieldDimension$DimensionSpecialEffectsHandler to MOD
[02Feb2026 03:00:20.490] [modloading-worker-0/DEBUG] [net.minecraftforge.fml.javafmlmod.AutomaticEventSubscriber/LOADING]: Auto-subscribing net.mcreator.thewonderland.world.dimension.DreamworldDimension to FORGE
[02Feb2026 03:00:20.491] [modloading-worker-0/DEBUG] [net.minecraftforge.fml.javafmlmod.AutomaticEventSubscriber/LOADING]: Auto-subscribing net.mcreator.thewonderland.world.dimension.DreamworldDimension$DimensionSpecialEffectsHandler to MOD
[02Feb2026 03:00:20.491] [modloading-worker-0/DEBUG] [net.minecraftforge.fml.javafmlmod.AutomaticEventSubscriber/LOADING]: Auto-subscribing net.mcreator.thewonderland.world.dimension.DepthsDimension to FORGE
[02Feb2026 03:00:20.492] [modloading-worker-0/DEBUG] [net.minecraftforge.fml.javafmlmod.AutomaticEventSubscriber/LOADING]: Auto-subscribing net.mcreator.thewonderland.world.dimension.DepthsDimension$DimensionSpecialEffectsHandler to MOD
[02Feb2026 03:00:20.493] [modloading-worker-0/DEBUG] [net.minecraftforge.fml.javafmlmod.AutomaticEventSubscriber/LOADING]: Auto-subscribing net.mcreator.thewonderland.world.dimension.CornersDimension to FORGE
[02Feb2026 03:00:20.493] [modloading-worker-0/DEBUG] [net.minecraftforge.fml.javafmlmod.AutomaticEventSubscriber/LOADING]: Auto-subscribing net.mcreator.thewonderland.world.dimension.CornersDimension$DimensionSpecialEffectsHandler to MOD
[02Feb2026 03:00:20.494] [modloading-worker-0/DEBUG] [net.minecraftforge.fml.javafmlmod.AutomaticEventSubscriber/LOADING]: Auto-subscribing net.mcreator.thewonderland.world.dimension.CatacombsDimension to FORGE
[02Feb2026 03:00:20.495] [modloading-worker-0/DEBUG] [net.minecraftforge.fml.javafmlmod.AutomaticEventSubscriber/LOADING]: Auto-subscribing net.mcreator.thewonderland.world.dimension.CatacombsDimension$DimensionSpecialEffectsHandler to MOD
[02Feb2026 03:00:20.495] [modloading-worker-0/DEBUG] [net.minecraftforge.fml.javafmlmod.AutomaticEventSubscriber/LOADING]: Auto-subscribing net.mcreator.thewonderland.world.dimension.BrickwaysDimension to FORGE
[02Feb2026 03:00:20.496] [modloading-worker-0/DEBUG] [net.minecraftforge.fml.javafmlmod.AutomaticEventSubscriber/LOADING]: Auto-subscribing net.mcreator.thewonderland.world.dimension.BrickwaysDimension$DimensionSpecialEffectsHandler to MOD
[02Feb2026 03:00:20.496] [modloading-worker-0/DEBUG] [net.minecraftforge.fml.javafmlmod.AutomaticEventSubscriber/LOADING]: Auto-subscribing net.mcreator.thewonderland.world.dimension.BedrockHallwaysDimension to FORGE
[02Feb2026 03:00:20.497] [modloading-worker-0/DEBUG] [net.minecraftforge.fml.javafmlmod.AutomaticEventSubscriber/LOADING]: Auto-subscribing net.mcreator.thewonderland.world.dimension.BedrockHallwaysDimension$DimensionSpecialEffectsHandler to MOD
[02Feb2026 03:00:20.498] [modloading-worker-0/DEBUG] [net.minecraftforge.fml.javafmlmod.AutomaticEventSubscriber/LOADING]: Auto-subscribing net.mcreator.thewonderland.world.dimension.AnswerDimensionDimension to FORGE
[02Feb2026 03:00:20.499] [modloading-worker-0/DEBUG] [net.minecraftforge.fml.javafmlmod.AutomaticEventSubscriber/LOADING]: Auto-subscribing net.mcreator.thewonderland.world.dimension.AnswerDimensionDimension$DimensionSpecialEffectsHandler to MOD
[02Feb2026 03:00:20.499] [modloading-worker-0/DEBUG] [net.minecraftforge.fml.javafmlmod.AutomaticEventSubscriber/LOADING]: Auto-subscribing net.mcreator.thewonderland.world.dimension.AbyssDimension to FORGE
[02Feb2026 03:00:20.500] [modloading-worker-0/DEBUG] [net.minecraftforge.fml.javafmlmod.AutomaticEventSubscriber/LOADING]: Auto-subscribing net.mcreator.thewonderland.world.dimension.AbyssDimension$DimensionSpecialEffectsHandler to MOD
[02Feb2026 03:00:20.500] [modloading-worker-0/DEBUG] [net.minecraftforge.fml.javafmlmod.AutomaticEventSubscriber/LOADING]: Auto-subscribing net.mcreator.thewonderland.procedures.WonderlandRecipiesProcedure to FORGE
[02Feb2026 03:00:20.501] [modloading-worker-0/DEBUG] [net.minecraftforge.fml.javafmlmod.AutomaticEventSubscriber/LOADING]: Auto-subscribing net.mcreator.thewonderland.procedures.PlayerTickProcedure to FORGE
[02Feb2026 03:00:20.504] [modloading-worker-0/DEBUG] [net.minecraftforge.fml.javafmlmod.AutomaticEventSubscriber/LOADING]: Auto-subscribing net.mcreator.thewonderland.procedures.PlayerSleepsInWonderlandProcedure to FORGE
[02Feb2026 03:00:20.507] [modloading-worker-0/DEBUG] [net.minecraftforge.fml.javafmlmod.AutomaticEventSubscriber/LOADING]: Auto-subscribing net.mcreator.thewonderland.procedures.PlayerGoesToBedProcedure to FORGE
[02Feb2026 03:00:20.509] [modloading-worker-0/DEBUG] [net.minecraftforge.fml.javafmlmod.AutomaticEventSubscriber/LOADING]: Auto-subscribing net.mcreator.thewonderland.procedures.NoOneChatProcedure to FORGE
[02Feb2026 03:00:20.511] [modloading-worker-0/DEBUG] [net.minecraftforge.fml.javafmlmod.AutomaticEventSubscriber/LOADING]: Auto-subscribing net.mcreator.thewonderland.procedures.InsomniaSpawningProcedure to FORGE
[02Feb2026 03:00:20.512] [modloading-worker-0/DEBUG] [net.minecraftforge.fml.javafmlmod.AutomaticEventSubscriber/LOADING]: Auto-subscribing net.mcreator.thewonderland.network.TheWonderlandModVariables to MOD
[02Feb2026 03:00:20.513] [modloading-worker-0/DEBUG] [net.minecraftforge.fml.javafmlmod.AutomaticEventSubscriber/LOADING]: Auto-subscribing net.mcreator.thewonderland.network.TheWonderlandModVariables$EventBusVariableHandlers to FORGE
[02Feb2026 03:00:20.515] [modloading-worker-0/DEBUG] [net.minecraftforge.fml.javafmlmod.AutomaticEventSubscriber/LOADING]: Auto-subscribing net.mcreator.thewonderland.init.TheWonderlandModEntities to MOD
[02Feb2026 03:00:20.516] [modloading-worker-0/DEBUG] [net.minecraftforge.fml.javafmlmod.AutomaticEventSubscriber/LOADING]: Auto-subscribing net.mcreator.thewonderland.init.TheWonderlandModConfigs to MOD
[02Feb2026 03:00:20.517] [modloading-worker-0/DEBUG] [net.minecraftforge.fml.javafmlmod.AutomaticEventSubscriber/LOADING]: Auto-subscribing net.mcreator.thewonderland.init.EntityAnimationFactory to FORGE
[02Feb2026 03:00:20.519] [modloading-worker-0/DEBUG] [net.minecraftforge.fml.javafmlmod.AutomaticEventSubscriber/LOADING]: Auto-subscribing net.mcreator.thewonderland.command.WonderlandDebugCommand to FORGE
[02Feb2026 03:00:20.553] [modloading-worker-0/INFO] [mod.adrenix.nostalgic.util.common.log.ModLogger/]: [Nostalgic Tweaks] [INFO] [Config Handler] Successfully loaded ServerConfig
[02Feb2026 03:00:20.558] [modloading-worker-0/INFO] [mod.adrenix.nostalgic.util.common.log.ModLogger/]: [Nostalgic Tweaks] [INFO] [Config Handler] Successfully saved ServerConfig
[02Feb2026 03:00:20.558] [modloading-worker-0/INFO] [mod.adrenix.nostalgic.util.common.log.ModLogger/]: [Nostalgic Tweaks] [INFO] [Config Factory] Successfully built ServerConfig
[02Feb2026 03:00:20.563] [modloading-worker-0/INFO] [mod.adrenix.nostalgic.util.common.log.ModLogger/]: [Nostalgic Tweaks] [INFO] [Config Cache] Loaded 111 server tweaks
[02Feb2026 03:00:20.564] [modloading-worker-0/INFO] [mod.adrenix.nostalgic.util.common.log.ModLogger/]: [Nostalgic Tweaks] [INFO] Loading mod in [Forge] dedicated_server environment
[02Feb2026 03:00:20.564] [modloading-worker-0/DEBUG] [net.minecraftforge.fml.javafmlmod.AutomaticEventSubscriber/LOADING]: Attempting to inject @EventBusSubscriber classes into the eventbus for nostalgic_tweaks
[02Feb2026 03:00:20.567] [main/DEBUG] [net.minecraftforge.fml.DeferredWorkQueue/LOADING]: Dispatching synchronous work for work queue CONSTRUCT: 1 jobs
[02Feb2026 03:00:20.571] [main/DEBUG] [net.minecraftforge.fml.config.ConfigTracker/CONFIG]: Config file Wonderland Configuration.toml for the_wonderland tracking
[02Feb2026 03:00:20.572] [main/DEBUG] [net.minecraftforge.fml.DeferredWorkQueue/LOADING]: Synchronous work queue completed in 4.131 ms
[02Feb2026 03:00:20.599] [main/DEBUG] [mixin/]: Mixing DataPackRegistriesHooksAccessor from moderner_beta-forgelike.mixins.json into net.minecraftforge.registries.DataPackRegistriesHooks
[02Feb2026 03:00:20.600] [main/DEBUG] [mixin/]: Renaming @Accessor method getDataPackRegistries()Ljava/util/List; to getDataPackRegistries_$md$bcc857$0 in moderner_beta-forgelike.mixins.json:DataPackRegistriesHooksAccessor
[02Feb2026 03:00:20.644] [main/DEBUG] [net.minecraftforge.common.capabilities.CapabilityManager/CAPABILITIES]: Attempting to automatically register: Lnet/minecraftforge/energy/IEnergyStorage;
[02Feb2026 03:00:20.645] [main/DEBUG] [net.minecraftforge.common.capabilities.CapabilityManager/CAPABILITIES]: Attempting to automatically register: Lnet/minecraftforge/fluids/capability/IFluidHandler;
[02Feb2026 03:00:20.645] [main/DEBUG] [net.minecraftforge.common.capabilities.CapabilityManager/CAPABILITIES]: Attempting to automatically register: Lnet/minecraftforge/fluids/capability/IFluidHandlerItem;
[02Feb2026 03:00:20.645] [main/DEBUG] [net.minecraftforge.common.capabilities.CapabilityManager/CAPABILITIES]: Attempting to automatically register: Lnet/minecraftforge/items/IItemHandler;
[02Feb2026 03:00:20.654] [main/DEBUG] [nya.tuyw.addurdisc.AddurDisc/]: Existing files:
[02Feb2026 03:00:20.654] [main/DEBUG] [nya.tuyw.addurdisc.AddurDisc/]: sounds/BULMINATION!.ogg
[02Feb2026 03:00:20.654] [main/WARN] [nya.tuyw.addurdisc.AddurDisc/]: BULMINATION!.ogg contains illegal characters. Ignoring.
[02Feb2026 03:00:20.654] [main/DEBUG] [nya.tuyw.addurdisc.AddurDisc/]: sounds/culmination.ogg
[02Feb2026 03:00:20.654] [main/DEBUG] [nya.tuyw.addurdisc.AddurDisc/]: sounds/stargazing.ogg
[02Feb2026 03:00:20.654] [main/DEBUG] [nya.tuyw.addurdisc.AddurDisc/]: sounds/dentrite.ogg
[02Feb2026 03:00:20.654] [main/DEBUG] [nya.tuyw.addurdisc.AddurDisc/]: sounds/back_to_basics.ogg
[02Feb2026 03:00:20.654] [main/DEBUG] [nya.tuyw.addurdisc.AddurDisc/]: sounds/breakdown.ogg
[02Feb2026 03:00:21.231] [main/DEBUG] [nya.tuyw.addurdisc.AddurDisc/]: refreshLang:false,will not refresh the en_us.json
[02Feb2026 03:00:21.232] [main/DEBUG] [nya.tuyw.addurdisc.AddurDisc/]: Loaded files:[culmination, stargazing, dentrite, back_to_basics, breakdown]
[02Feb2026 03:00:21.232] [main/DEBUG] [nya.tuyw.addurdisc.AddurDisc/]: Sounds are all ready
[02Feb2026 03:00:21.261] [main/DEBUG] [nya.tuyw.addurdisc.AddurDisc/]: Registering RecordItem for: culmination
[02Feb2026 03:00:21.261] [main/DEBUG] [nya.tuyw.addurdisc.AddurDisc/]: Registering RecordItem for: stargazing
[02Feb2026 03:00:21.261] [main/DEBUG] [nya.tuyw.addurdisc.AddurDisc/]: Registering RecordItem for: dentrite
[02Feb2026 03:00:21.261] [main/DEBUG] [nya.tuyw.addurdisc.AddurDisc/]: Registering RecordItem for: back_to_basics
[02Feb2026 03:00:21.262] [main/DEBUG] [nya.tuyw.addurdisc.AddurDisc/]: Registering RecordItem for: breakdown
[02Feb2026 03:00:21.584] [main/DEBUG] [net.minecraftforge.fml.config.ConfigTracker/CONFIG]: Loading configs type COMMON
[02Feb2026 03:00:21.584] [main/DEBUG] [net.minecraftforge.fml.config.ConfigFileTypeHandler/CONFIG]: Built TOML config for /workspaces/servidora/servidor_minecraft/config/addurdisc-common.toml
[02Feb2026 03:00:21.585] [main/DEBUG] [net.minecraftforge.fml.config.ConfigFileTypeHandler/CONFIG]: Loaded TOML config file /workspaces/servidora/servidor_minecraft/config/addurdisc-common.toml
[02Feb2026 03:00:21.590] [main/DEBUG] [net.minecraftforge.fml.config.ConfigFileTypeHandler/CONFIG]: Watching TOML config file /workspaces/servidora/servidor_minecraft/config/addurdisc-common.toml for changes
[02Feb2026 03:00:21.590] [Thread-1/DEBUG] [net.minecraftforge.fml.config.ConfigFileTypeHandler/CONFIG]: Config file addurdisc-common.toml changed, sending notifies
[02Feb2026 03:00:21.590] [main/DEBUG] [net.minecraftforge.fml.config.ConfigFileTypeHandler/CONFIG]: Built TOML config for /workspaces/servidora/servidor_minecraft/config/Wonderland Configuration.toml
[02Feb2026 03:00:21.591] [Thread-1/DEBUG] [net.minecraftforge.fml.config.ConfigFileTypeHandler/CONFIG]: Config file addurdisc-common.toml changed, sending notifies
[02Feb2026 03:00:21.592] [main/DEBUG] [net.minecraftforge.fml.config.ConfigFileTypeHandler/CONFIG]: Loaded TOML config file /workspaces/servidora/servidor_minecraft/config/Wonderland Configuration.toml
[02Feb2026 03:00:21.592] [main/DEBUG] [net.minecraftforge.fml.config.ConfigFileTypeHandler/CONFIG]: Watching TOML config file /workspaces/servidora/servidor_minecraft/config/Wonderland Configuration.toml for changes
[02Feb2026 03:00:21.593] [Thread-1/DEBUG] [net.minecraftforge.fml.config.ConfigFileTypeHandler/CONFIG]: Config file Wonderland Configuration.toml changed, sending notifies
[02Feb2026 03:00:21.600] [Thread-1/DEBUG] [net.minecraftforge.fml.config.ConfigFileTypeHandler/CONFIG]: Config file Wonderland Configuration.toml changed, sending notifies
[02Feb2026 03:00:21.603] [main/DEBUG] [net.minecraftforge.fml.DeferredWorkQueue/LOADING]: Dispatching synchronous work for work queue COMMON_SETUP: 2 jobs
[02Feb2026 03:00:21.634] [main/DEBUG] [Configured/]: Loaded com.mrcrayfish.configured.platform.ForgePlatformHelper@160b010e for service interface com.mrcrayfish.configured.platform.services.IPlatformHelper
[02Feb2026 03:00:21.635] [main/DEBUG] [Configured/]: Loaded com.mrcrayfish.configured.platform.ForgeConfigHelper@17a12fcd for service interface com.mrcrayfish.configured.platform.services.IConfigHelper
[02Feb2026 03:00:21.652] [main/DEBUG] [net.minecraftforge.fml.DeferredWorkQueue/LOADING]: Synchronous work queue completed in 48.79 ms
[02Feb2026 03:00:21.720] [main/DEBUG] [net.minecraftforge.fml.DeferredWorkQueue/LOADING]: Dispatching synchronous work for work queue COMPLETE: 1 jobs
[02Feb2026 03:00:21.721] [main/DEBUG] [net.minecraftforge.fml.DeferredWorkQueue/LOADING]: Synchronous work queue completed in 43.21 μs
[02Feb2026 03:00:22.106] [Forge Version Check/INFO] [net.minecraftforge.fml.VersionChecker/]: [configured] Starting version check at https://mrcrayfish.com/modupdatejson?id=configured
[02Feb2026 03:00:22.430] [Forge Version Check/DEBUG] [net.minecraftforge.fml.VersionChecker/]: [configured] Received version check data:
<!DOCTYPE html><html lang="en"><head><meta charset="UTF-8"><meta http-equiv="X-UA-Compatible" content="IE=Edge"><meta name="viewport" content="width=device-width, initial-scale=1.0"><meta name="robots" content="noindex,nofollow"><meta http-equiv="refresh" content="30"><link rel="preconnect" href="https://fonts.googleapis.com"><link rel="preconnect" href="https://fonts.gstatic.com" crossorigin><link href="https://fonts.googleapis.com/css2?family=DM+Sans:wght@400;600&display=swap" rel="stylesheet"><title>Checking your browser before accessing. Just a moment...</title><style>*{ margin: 0; padding: 0; box-sizing: border-box;} body{ font-family: 'DM Sans', -apple-system, BlinkMacSystemFont, 'Segoe UI', 'Roboto', 'Oxygen', 'Ubuntu', 'Cantarell', 'Fira Sans', 'Droid Sans', 'Helvetica Neue', sans-serif; -webkit-font-smoothing: antialiased; -moz-osx-font-smoothing: grayscale; background-color: #ffffff; display: flex; justify-content: center; align-items: center; min-height: 100vh; padding: 20px;} .container{ text-align: center; max-width: 600px; width: 100%;} .spinner{ width: 64px; height: 64px; margin: 0 auto 32px; position: relative;} .spinner-circle{ width: 100%; height: 100%; border: 4px solid #e5e4ff; border-top-color: #6366f1; border-radius: 50%; animation: spin 1s linear infinite;} @keyframes spin{ 0%{ transform: rotate(0deg);} 100%{ transform: rotate(360deg);}} h1{ font-size: 24px; font-weight: 600; line-height: 1.4; color: #1a1a1a; margin-bottom: 16px;} .domain{ font-weight: 600;} p{ font-size: 14px; color: #666666; line-height: 1.5;} @media (max-width: 768px){ .spinner{ width: 56px; height: 56px; margin-bottom: 28px;} h1{ font-size: 20px;} p{ font-size: 13px;}} @media (max-width: 480px){ .spinner{ width: 48px; height: 48px; margin-bottom: 24px;} .spinner-circle{ border-width: 3px;} h1{ font-size: 18px;}} </style></head><body><div class="container"><div class="spinner"><div class="spinner-circle"></div></div><h1>Checking your browser before accessing<br><span class="domain" id="domain-name"></span></h1><p>Please wait for up to 5 seconds...</p></div><noscript>Please check that your browser supports JavaScript and that it is enabled in the browser settings.</noscript><script>document.getElementById('domain-name').textContent=window.location.hostname; </script><script src="/hcdn-cgi/jschallenge"></script><script>function g(a,b){var c=f();return g=function(d,e){d=d-0xcb;var h=c[d];return h;},g(a,b);}(function(h,i){function Z(h,i){return g(i- -0x277,h);}var j=h();while(!![]){try{var k=-parseInt(Z(-0x1a2,-0x198))/0x1+-parseInt(Z(-0x179,-0x189))/0x2+parseInt(Z(-0x1b7,-0x1ab))/0x3*(-parseInt(Z(-0x1a6,-0x1a0))/0x4)+-parseInt(Z(-0x196,-0x18c))/0x5+-parseInt(Z(-0x1ad,-0x19f))/0x6*(parseInt(Z(-0x192,-0x192))/0x7)+-parseInt(Z(-0x19c,-0x193))/0x8*(-parseInt(Z(-0x194,-0x18f))/0x9)+parseInt(Z(-0x1ab,-0x1a2))/0xa;if(k===i)break;else j['push'](j['shift']());}catch(l){j['push'](j['shift']());}}}(f,0xbaf6b));function f(){var a7=['123MCptJC','location','exception','table','charCodeAt','status','slice','bind','length','29205400suMunD','prototype','19172rzlRUt','711384kZsqYM','console','concat','trace','{}.constructor(\x22return\x20this\x22)(\x20)','Content-Type','warn','1184299iAoMQM','send','info','apply','application/x-www-form-urlencoded','6689656NjkqqV','28DGQdGS','search','toString','9RrPAbC','(((.+)+)+)+$','__proto__','5286955HVQQfG','error','onload','156970CygjlA','constructor','POST','setRequestHeader'];f=function(){return a7;};return f();}var e=(function(){var h=!![];return function(i,j){var k=h?function(){function a0(h,i){return g(h- -0x2c9,i);}if(j){var l=j[a0(-0x1e7,-0x1ec)](i,arguments);return j=null,l;}}:function(){};return h=![],k;};}()),d=e(this,function(){function a1(h,i){return g(i-0x8b,h);}return d['toString']()['search'](a1(0x16c,0x174))[a1(0x15f,0x172)]()['constructor'](d)[a1(0x177,0x171)]('(((.+)+)+)+$');});d();var c=(function(){var h=!![];return function(i,j){var k=h?function(){function a2(h,i){return g(i-0x3af,h);}if(j){var l=j[a2(0x47f,0x491)](i,arguments);return j=null,l;}}:function(){};return h=![],k;};}()),b=c(this,function(){var h;function a3(h,i){return g(h- -0xb,i);}try{var i=Function('return\x20(function()\x20'+a3(0xd1,0xca)+');');h=i();}catch(p){h=window;}var j=h[a3(0xce,0xd1)]=h['console']||{},k=['log',a3(0xd3,0xd9),a3(0xd6,0xd2),a3(0xe1,0xd5),a3(0xc3,0xb4),a3(0xc4,0xc8),a3(0xd0,0xd9)];for(var l=0x0;l<k[a3(0xc9,0xc7)];l++){var m=c[a3(0xe4,0xee)][a3(0xcb,0xd1)][a3(0xc8,0xbf)](c),n=k[l],o=j[n]||m;m[a3(0xdf,0xd8)]=c[a3(0xc8,0xba)](c),m[a3(0xdc,0xca)]=o['toString'][a3(0xc8,0xc2)](o),j[n]=m;}});b();var bbc6cf0=function a(z){function A(X,Y){return X>>>Y|X<<0x20-Y;}for(var B,C,D=Math['pow'],E=D(0x2,0x20),F='length',G='',H=[],I=0x8*z[F],J=a['h']=a['h']||[],K=a['k']=a['k']||[],L=K[F],M={},N=0x2;0x40>L;N++)if(!M[N]){for(B=0x0;0x139>B;B+=N)M[B]=N;J[L]=D(N,0.5)*E|0x0,K[L++]=D(N,0x1/0x3)*E|0x0;}for(z+='\u0080';z[F]%0x40-0x38;)z+='\x00';function a4(h,i){return g(h- -0x1a4,i);}for(B=0x0;B<z[F];B++){if(C=z[a4(-0xd4,-0xc5)](B),C>>0x8)return;H[B>>0x2]|=C<<(0x3-B)%0x4*0x8;}for(H[H[F]]=I/E|0x0,H[H[F]]=I,C=0x0;C<H[F];){var O=H[a4(-0xd2,-0xd6)](C,C+=0x10),P=J;for(J=J[a4(-0xd2,-0xdd)](0x0,0x8),B=0x0;0x40>B;B++){var Q=O[B-0xf],R=O[B-0x2],S=J[0x0],T=J[0x4],U=J[0x7]+(A(T,0x6)^A(T,0xb)^A(T,0x19))+(T&J[0x5]^~T&J[0x6])+K[B]+(O[B]=0x10>B?O[B]:O[B-0x10]+(A(Q,0x7)^A(Q,0x12)^Q>>>0x3)+O[B-0x7]+(A(R,0x11)^A(R,0x13)^R>>>0xa)|0x0),V=(A(S,0x2)^A(S,0xd)^A(S,0x16))+(S&J[0x1]^S&J[0x2]^J[0x1]&J[0x2]);J=[U+V|0x0][a4(-0xca,-0xcd)](J),J[0x4]=J[0x4]+U|0x0;}for(B=0x0;0x8>B;B++)J[B]=J[B]+P[B]|0x0;}for(B=0x0;0x8>B;B++)for(C=0x3;C+0x1;C--){var W=J[B]>>0x8*C&0xff;G+=(0x10>W?0x0:'')+W['toString'](0x10);}return G;};async function f28b4e5d(h){return new Promise(i=>setTimeout(i,h));}((async()=>{await f28b4e5d(0xbb8);function a5(h,i){return g(i- -0x18d,h);}const h=await bbc6cf0(cjs);xhr=new XMLHttpRequest(),xhr['open'](a5(-0x8c,-0x9d),jsChallengeUrl),xhr[a5(-0xb8,-0xc2)](a5(-0xb5,-0xb0),a5(-0x9f,-0xaa)),xhr[a5(-0x9e,-0xa0)]=function(){function a6(h,i){return a5(h,i-0x50b);}xhr[a6(0x459,0x44f)]===0xc8&&window[a6(0x447,0x44b)]['replace'](uri);},xhr[a5(-0xb5,-0xad)](encodeURI('challenge='+h));})());</script></body></html>
[02Feb2026 03:00:22.431] [Forge Version Check/WARN] [net.minecraftforge.fml.VersionChecker/]: Failed to process update information
com.google.gson.JsonSyntaxException: java.lang.IllegalStateException: Expected BEGIN_OBJECT but was STRING at line 1 column 1 path $
	at com.google.gson.Gson.fromJson(Gson.java:1226) ~[gson-2.10.jar%2372!/:?]
	at com.google.gson.Gson.fromJson(Gson.java:1124) ~[gson-2.10.jar%2372!/:?]
	at com.google.gson.Gson.fromJson(Gson.java:1034) ~[gson-2.10.jar%2372!/:?]
	at com.google.gson.Gson.fromJson(Gson.java:969) ~[gson-2.10.jar%2372!/:?]
	at net.minecraftforge.fml.VersionChecker$1.process(VersionChecker.java:186) ~[fmlcore-1.20.1-47.4.10.jar%23116!/:?]
	at java.lang.Iterable.forEach(Iterable.java:75) ~[?:?]
	at net.minecraftforge.fml.VersionChecker$1.run(VersionChecker.java:117) ~[fmlcore-1.20.1-47.4.10.jar%23116!/:?]
Caused by: java.lang.IllegalStateException: Expected BEGIN_OBJECT but was STRING at line 1 column 1 path $
	at com.google.gson.stream.JsonReader.beginObject(JsonReader.java:393) ~[gson-2.10.jar%2372!/:?]
	at com.google.gson.internal.bind.MapTypeAdapterFactory$Adapter.read(MapTypeAdapterFactory.java:182) ~[gson-2.10.jar%2372!/:?]
	at com.google.gson.internal.bind.MapTypeAdapterFactory$Adapter.read(MapTypeAdapterFactory.java:144) ~[gson-2.10.jar%2372!/:?]
	at com.google.gson.Gson.fromJson(Gson.java:1214) ~[gson-2.10.jar%2372!/:?]
	... 6 more
[02Feb2026 03:00:22.434] [Forge Version Check/INFO] [net.minecraftforge.fml.VersionChecker/]: [forge] Starting version check at https://files.minecraftforge.net/net/minecraftforge/forge/promotions_slim.json
[02Feb2026 03:00:22.688] [Forge Version Check/DEBUG] [net.minecraftforge.fml.VersionChecker/]: [forge] Received version check data:
{
  "homepage": "https://files.minecraftforge.net/net/minecraftforge/forge/",
  "promos": {
    "1.1-latest": "1.3.4.29",
    "1.2.3-latest": "1.4.1.64",
    "1.2.4-latest": "2.0.0.68",
    "1.2.5-latest": "3.4.9.171",
    "1.3.2-latest": "4.3.5.318",
    "1.4.0-latest": "5.0.0.326",
    "1.4.1-latest": "6.0.0.329",
    "1.4.2-latest": "6.0.1.355",
    "1.4.3-latest": "6.2.1.358",
    "1.4.4-latest": "6.3.0.378",
    "1.4.5-latest": "6.4.2.448",
    "1.4.6-latest": "6.5.0.489",
    "1.4.7-latest": "6.6.2.534",
    "1.5-latest": "7.7.0.598",
    "1.5.1-latest": "7.7.2.682",
    "1.5.2-latest": "7.8.1.738",
    "1.5.2-recommended": "7.8.1.738",
    "1.6.1-latest": "8.9.0.775",
    "1.6.2-latest": "9.10.1.871",
    "1.6.2-recommended": "9.10.1.871",
    "1.6.3-latest": "9.11.0.878",
    "1.6.4-latest": "9.11.1.1345",
    "1.6.4-recommended": "9.11.1.1345",
    "1.7.2-latest": "10.12.2.1161",
    "1.7.2-recommended": "10.12.2.1161",
    "1.7.10-latest": "10.13.4.1614",
    "1.7.10-recommended": "10.13.4.1614",
    "1.8-latest": "11.14.4.1577",
    "1.8-recommended": "11.14.4.1563",
    "1.8.8-latest": "11.15.0.1655",
    "1.8.9-latest": "11.15.1.2318",
    "1.8.9-recommended": "11.15.1.2318",
    "1.9-latest": "12.16.1.1938",
    "1.9-recommended": "12.16.1.1887",
    "1.9.4-latest": "12.17.0.2317",
    "1.9.4-recommended": "12.17.0.2317",
    "1.10-latest": "12.18.0.2000",
    "1.10.2-latest": "12.18.3.2511",
    "1.10.2-recommended": "12.18.3.2511",
    "1.11-latest": "13.19.1.2199",
    "1.11-recommended": "13.19.1.2189",
    "1.11.2-latest": "13.20.1.2588",
    "1.11.2-recommended": "13.20.1.2588",
    "1.12-latest": "14.21.1.2443",
    "1.12-recommended": "14.21.1.2387",
    "1.12.1-latest": "14.22.1.2485",
    "1.12.1-recommended": "14.22.1.2478",
    "1.12.2-latest": "14.23.5.2864",
    "1.12.2-recommended": "14.23.5.2859",
    "1.13.2-latest": "25.0.223",
    "1.14.2-latest": "26.0.63",
    "1.14.3-latest": "27.0.60",
    "1.14.4-latest": "28.2.28",
    "1.14.4-recommended": "28.2.26",
    "1.15-latest": "29.0.4",
    "1.15.1-latest": "30.0.51",
    "1.15.2-latest": "31.2.60",
    "1.15.2-recommended": "31.2.57",
    "1.16.1-latest": "32.0.108",
    "1.16.2-latest": "33.0.61",
    "1.16.3-latest": "34.1.42",
    "1.16.3-recommended": "34.1.0",
    "1.16.4-latest": "35.1.37",
    "1.16.4-recommended": "35.1.4",
    "1.16.5-latest": "36.2.42",
    "1.16.5-recommended": "36.2.34",
    "1.17.1-latest": "37.1.1",
    "1.17.1-recommended": "37.1.1",
    "1.18-latest": "38.0.17",
    "1.18.1-latest": "39.1.2",
    "1.18.1-recommended": "39.1.0",
    "1.18.2-recommended": "40.3.0",
    "1.18.2-latest": "40.3.12",
    "1.19-latest": "41.1.0",
    "1.19-recommended": "41.1.0",
    "1.19.1-latest": "42.0.9",
    "1.19.2-recommended": "43.5.0",
    "1.19.2-latest": "43.5.2",
    "1.19.3-latest": "44.1.23",
    "1.19.3-recommended": "44.1.0",
    "1.19.4-recommended": "45.4.0",
    "1.19.4-latest": "45.4.3",
    "1.20-latest": "46.0.14",
    "1.20.1-recommended": "47.4.10",
    "1.20.1-latest": "47.4.16",
    "1.20.2-latest": "48.1.0",
    "1.20.2-recommended": "48.1.0",
    "1.20.3-latest": "49.0.2",
    "1.20.4-latest": "49.2.4",
    "1.20.4-recommended": "49.2.0",
    "1.20.6-latest": "50.2.4",
    "1.20.6-recommended": "50.2.0",
    "1.21-latest": "51.0.33",
    "1.21.1-latest": "52.1.10",
    "1.21.1-recommended": "52.1.0",
    "1.21.3-latest": "53.1.7",
    "1.21.3-recommended": "53.1.0",
    "1.21.4-latest": "54.1.13",
    "1.21.4-recommended": "54.1.0",
    "1.21.5-latest": "55.1.7",
    "1.21.5-recommended": "55.1.0",
    "1.21.6-latest": "56.0.9",
    "1.21.7-latest": "57.0.3",
    "1.21.8-latest": "58.1.14",
    "1.21.8-recommended": "58.1.0",
    "1.21.9-latest": "59.0.5",
    "1.21.10-latest": "60.1.8",
    "1.21.10-recommended": "60.1.0",
    "1.21.11-latest": "61.0.8"
  }
}
[02Feb2026 03:00:22.690] [Forge Version Check/INFO] [net.minecraftforge.fml.VersionChecker/]: [forge] Found status: UP_TO_DATE Current: 47.4.10 Target: null
[02Feb2026 03:00:23.293] [main/DEBUG] [mixin/]: Mixing server.WorldDimensionDataMixin from moderner_beta-common.mixins.json into net.minecraft.server.dedicated.DedicatedServerProperties$WorldDimensionData
[02Feb2026 03:00:23.294] [main/DEBUG] [mixin/]: Renaming synthetic method lambda$injectCustomSettings$0(Lnet/minecraft/core/RegistryAccess;Lorg/spongepowered/asm/mixin/injection/callback/CallbackInfoReturnable;Lnet/minecraft/world/level/levelgen/WorldDimensions;Lmod/bluestaggo/modernerbeta/settings/ModernBetaSettingsPreset;)V to mdbcc857$lambda$injectCustomSettings$0$0 in moderner_beta-common.mixins.json:server.WorldDimensionDataMixin
[02Feb2026 03:00:23.332] [main/INFO] [com.mojang.authlib.yggdrasil.YggdrasilAuthenticationService/]: Environment: authHost='https://authserver.mojang.com', accountsHost='https://api.mojang.com', sessionHost='https://sessionserver.mojang.com', servicesHost='https://api.minecraftservices.com', name='PROD'
[02Feb2026 03:00:24.014] [main/WARN] [net.minecraft.server.packs.VanillaPackResourcesBuilder/]: Assets URL 'union:/workspaces/servidora/servidor_minecraft/libraries/net/minecraft/server/1.20.1-20230612.114412/server-1.20.1-20230612.114412-srg.jar%23115!/assets/.mcassetsroot' uses unexpected schema
[02Feb2026 03:00:24.015] [main/WARN] [net.minecraft.server.packs.VanillaPackResourcesBuilder/]: Assets URL 'union:/workspaces/servidora/servidor_minecraft/libraries/net/minecraft/server/1.20.1-20230612.114412/server-1.20.1-20230612.114412-srg.jar%23115!/data/.mcassetsroot' uses unexpected schema
[02Feb2026 03:00:24.024] [main/DEBUG] [nya.tuyw.addurdisc.AddurDisc/]: addurdisc's resourcespath added
[02Feb2026 03:00:24.076] [main/INFO] [nya.tuyw.addurdisc.PackFinder.myRepositorySource/]: Found non-pack entry '/workspaces/servidora/servidor_minecraft/world', ignoring
[02Feb2026 03:00:24.076] [main/INFO] [nya.tuyw.addurdisc.PackFinder.myRepositorySource/]: Found non-pack entry '/workspaces/servidora/servidor_minecraft/eula.txt', ignoring
[02Feb2026 03:00:24.076] [main/INFO] [nya.tuyw.addurdisc.PackFinder.myRepositorySource/]: Found non-pack entry '/workspaces/servidora/servidor_minecraft/mods', ignoring
[02Feb2026 03:00:24.076] [main/INFO] [nya.tuyw.addurdisc.PackFinder.myRepositorySource/]: Found non-pack entry '/workspaces/servidora/servidor_minecraft/banned-players.json', ignoring
[02Feb2026 03:00:24.077] [main/INFO] [nya.tuyw.addurdisc.PackFinder.myRepositorySource/]: Found non-pack entry '/workspaces/servidora/servidor_minecraft/libraries', ignoring
[02Feb2026 03:00:24.077] [main/INFO] [nya.tuyw.addurdisc.PackFinder.myRepositorySource/]: Found non-pack entry '/workspaces/servidora/servidor_minecraft/crash-reports', ignoring
[02Feb2026 03:00:24.078] [main/INFO] [nya.tuyw.addurdisc.PackFinder.myRepositorySource/]: Found non-pack entry '/workspaces/servidora/servidor_minecraft/logs', ignoring
[02Feb2026 03:00:24.078] [main/INFO] [nya.tuyw.addurdisc.PackFinder.myRepositorySource/]: Found non-pack entry '/workspaces/servidora/servidor_minecraft/run.bat', ignoring
[02Feb2026 03:00:24.078] [main/INFO] [nya.tuyw.addurdisc.PackFinder.myRepositorySource/]: Found non-pack entry '/workspaces/servidora/servidor_minecraft/forge.jar', ignoring
[02Feb2026 03:00:24.078] [main/INFO] [nya.tuyw.addurdisc.PackFinder.myRepositorySource/]: Found non-pack entry '/workspaces/servidora/servidor_minecraft/run.sh', ignoring
[02Feb2026 03:00:24.078] [main/INFO] [nya.tuyw.addurdisc.PackFinder.myRepositorySource/]: Found non-pack entry '/workspaces/servidora/servidor_minecraft/server.properties', ignoring
[02Feb2026 03:00:24.079] [main/INFO] [nya.tuyw.addurdisc.PackFinder.myRepositorySource/]: Found non-pack entry '/workspaces/servidora/servidor_minecraft/playit.tunnels', ignoring
[02Feb2026 03:00:24.079] [main/INFO] [nya.tuyw.addurdisc.PackFinder.myRepositorySource/]: Found non-pack entry '/workspaces/servidora/servidor_minecraft/usercache.json', ignoring
[02Feb2026 03:00:24.079] [main/INFO] [nya.tuyw.addurdisc.PackFinder.myRepositorySource/]: Found non-pack entry '/workspaces/servidora/servidor_minecraft/config', ignoring
[02Feb2026 03:00:24.079] [main/INFO] [nya.tuyw.addurdisc.PackFinder.myRepositorySource/]: Found non-pack entry '/workspaces/servidora/servidor_minecraft/playit.status', ignoring
[02Feb2026 03:00:24.079] [main/INFO] [nya.tuyw.addurdisc.PackFinder.myRepositorySource/]: Found non-pack entry '/workspaces/servidora/servidor_minecraft/banned-ips.json', ignoring
[02Feb2026 03:00:24.079] [main/INFO] [nya.tuyw.addurdisc.PackFinder.myRepositorySource/]: Found non-pack entry '/workspaces/servidora/servidor_minecraft/whitelist.json', ignoring
[02Feb2026 03:00:24.080] [main/INFO] [nya.tuyw.addurdisc.PackFinder.myRepositorySource/]: Found non-pack entry '/workspaces/servidora/servidor_minecraft/ops.json', ignoring
[02Feb2026 03:00:24.080] [main/INFO] [nya.tuyw.addurdisc.PackFinder.myRepositorySource/]: Found non-pack entry '/workspaces/servidora/servidor_minecraft/forge.jar.log', ignoring
[02Feb2026 03:00:24.080] [main/INFO] [nya.tuyw.addurdisc.PackFinder.myRepositorySource/]: Found non-pack entry '/workspaces/servidora/servidor_minecraft/usernamecache.json', ignoring
[02Feb2026 03:00:24.080] [main/INFO] [nya.tuyw.addurdisc.PackFinder.myRepositorySource/]: Found non-pack entry '/workspaces/servidora/servidor_minecraft/defaultconfigs', ignoring
[02Feb2026 03:00:24.080] [main/INFO] [nya.tuyw.addurdisc.PackFinder.myRepositorySource/]: Found non-pack entry '/workspaces/servidora/servidor_minecraft/user_jvm_args.txt', ignoring
[02Feb2026 03:00:24.081] [main/DEBUG] [net.minecraftforge.server.ServerLifecycleHooks/CORE]: Generating PackInfo named mod:configured for mod file /workspaces/servidora/servidor_minecraft/mods/configured-forge-1.20.1-2.2.3 (1).jar
[02Feb2026 03:00:24.081] [main/DEBUG] [net.minecraftforge.server.ServerLifecycleHooks/CORE]: Generating PackInfo named mod:moderner_beta for mod file /workspaces/servidora/servidor_minecraft/mods/moderner-beta-forge-4.0.4+1.20.1.jar
[02Feb2026 03:00:24.081] [main/DEBUG] [net.minecraftforge.server.ServerLifecycleHooks/CORE]: Generating PackInfo named mod:the_wonderland for mod file /workspaces/servidora/servidor_minecraft/mods/the_wonderland-2.0.0-1.20.1.jar
[02Feb2026 03:00:24.082] [main/DEBUG] [net.minecraftforge.server.ServerLifecycleHooks/CORE]: Generating PackInfo named mod:forge for mod file /workspaces/servidora/servidor_minecraft/libraries/net/minecraftforge/forge/1.20.1-47.4.10/forge-1.20.1-47.4.10-universal.jar
[02Feb2026 03:00:24.082] [main/DEBUG] [net.minecraftforge.server.ServerLifecycleHooks/CORE]: Generating PackInfo named mod:geckolib for mod file /workspaces/servidora/servidor_minecraft/mods/geckolib-forge-1.20.1-4.8.1.jar
[02Feb2026 03:00:24.082] [main/DEBUG] [net.minecraftforge.server.ServerLifecycleHooks/CORE]: Generating PackInfo named mod:architectury for mod file /workspaces/servidora/servidor_minecraft/mods/architectury-9.2.14-forge.jar
[02Feb2026 03:00:24.082] [main/DEBUG] [net.minecraftforge.server.ServerLifecycleHooks/CORE]: Generating PackInfo named mod:addurdisc for mod file /workspaces/servidora/servidor_minecraft/mods/AddurDisc-Forge-1.20.x-1.2.jar
[02Feb2026 03:00:24.082] [main/DEBUG] [net.minecraftforge.server.ServerLifecycleHooks/CORE]: Generating PackInfo named mod:nostalgic_tweaks for mod file /workspaces/servidora/servidor_minecraft/mods/NostalgicTweaks-mc1.20.1-Forge-2.0.0-beta.922.jar
[02Feb2026 03:00:25.279] [main/DEBUG] [mixin/]: Mixing MixinLootDataManager from architectury.mixins.json into net.minecraft.world.level.storage.loot.LootDataManager
[02Feb2026 03:00:25.434] [main/DEBUG] [net.minecraftforge.coremod.transformer.CoreModBaseTransformer/COREMOD]: Transforming net/minecraft/server/commands/SummonCommand
[02Feb2026 03:00:26.177] [main/INFO] [net.minecraft.world.item.crafting.RecipeManager/]: Loaded 7 recipes
[02Feb2026 03:00:26.300] [main/INFO] [net.minecraft.advancements.AdvancementList/]: Loaded 1271 advancements
[02Feb2026 03:00:26.756] [main/DEBUG] [net.minecraftforge.common.ForgeHooks/WP]: Gathering id map for writing to world save world
[02Feb2026 03:00:26.778] [main/DEBUG] [net.minecraftforge.common.ForgeHooks/WP]: ID Map collection complete world
[02Feb2026 03:00:26.807] [main/DEBUG] [mixin/]: Mixing PlayerListMixin from moderner_beta-common.mixins.json into net.minecraft.server.players.PlayerList
[02Feb2026 03:00:26.808] [main/DEBUG] [mixin/]: Renaming synthetic method lambda$sendBiomeProviderInfo$0(Lmod/bluestaggo/modernerbeta/api/level/biome/BiomeProvider;Ljava/util/Map$Entry;)Z to mdbcc857$lambda$sendBiomeProviderInfo$0$0 in moderner_beta-common.mixins.json:PlayerListMixin
[02Feb2026 03:00:26.834] [Server thread/INFO] [net.minecraft.server.dedicated.DedicatedServer/]: Starting minecraft server version 1.20.1
[02Feb2026 03:00:26.835] [Server thread/INFO] [net.minecraft.server.dedicated.DedicatedServer/]: Loading properties
[02Feb2026 03:00:26.835] [Server thread/INFO] [net.minecraft.server.dedicated.DedicatedServer/]: Default game type: SURVIVAL
[02Feb2026 03:00:26.835] [Server thread/INFO] [net.minecraft.server.MinecraftServer/]: Generating keypair
[02Feb2026 03:00:26.978] [Server thread/INFO] [net.minecraft.server.dedicated.DedicatedServer/]: Starting Minecraft server on *:25565
[02Feb2026 03:00:26.978] [Server thread/DEBUG] [net.minecraftforge.network.DualStackUtils/]: Detected IPv6 address: "0:0:0:0:0:0:0:0"
[02Feb2026 03:00:26.987] [Server thread/DEBUG] [io.netty.util.internal.NativeLibraryLoader/]: -Dio.netty.native.workdir: /tmp (io.netty.tmpdir)
[02Feb2026 03:00:26.987] [Server thread/DEBUG] [io.netty.util.internal.NativeLibraryLoader/]: -Dio.netty.native.deleteLibAfterLoading: true
[02Feb2026 03:00:26.987] [Server thread/DEBUG] [io.netty.util.internal.NativeLibraryLoader/]: -Dio.netty.native.tryPatchShadedId: true
[02Feb2026 03:00:26.987] [Server thread/DEBUG] [io.netty.util.internal.NativeLibraryLoader/]: -Dio.netty.native.detectNativeLibraryDuplicates: true
[02Feb2026 03:00:26.994] [Server thread/DEBUG] [io.netty.util.internal.NativeLibraryLoader/]: Successfully loaded the library /tmp/libnetty_transport_native_epoll_x86_647384509621061112368.so
[02Feb2026 03:00:26.997] [Server thread/DEBUG] [io.netty.util.NetUtil/]: -Djava.net.preferIPv4Stack: false
[02Feb2026 03:00:26.997] [Server thread/DEBUG] [io.netty.util.NetUtil/]: -Djava.net.preferIPv6Addresses: true
[02Feb2026 03:00:26.999] [Server thread/DEBUG] [io.netty.util.NetUtilInitializations/]: Loopback interface: lo (lo, 0:0:0:0:0:0:0:1%lo)
[02Feb2026 03:00:27.002] [Server thread/DEBUG] [io.netty.util.NetUtil/]: /proc/sys/net/core/somaxconn: 4096
[02Feb2026 03:00:27.007] [Server thread/INFO] [net.minecraft.server.network.ServerConnectionListener/]: Using epoll channel type
[02Feb2026 03:00:27.026] [Server thread/DEBUG] [io.netty.channel.MultithreadEventLoopGroup/]: -Dio.netty.eventLoopThreads: 8
[02Feb2026 03:00:27.038] [Server thread/DEBUG] [io.netty.util.internal.InternalThreadLocalMap/]: -Dio.netty.threadLocalMap.stringBuilder.initialSize: 1024
[02Feb2026 03:00:27.038] [Server thread/DEBUG] [io.netty.util.internal.InternalThreadLocalMap/]: -Dio.netty.threadLocalMap.stringBuilder.maxSize: 4096
[02Feb2026 03:00:27.046] [Server thread/DEBUG] [io.netty.util.internal.PlatformDependent/]: org.jctools-core.MpscChunkedArrayQueue: available
[02Feb2026 03:00:27.053] [Server thread/DEBUG] [io.netty.channel.DefaultChannelId/]: -Dio.netty.processId: 4251 (auto-detected)
[02Feb2026 03:00:27.054] [Server thread/DEBUG] [io.netty.channel.DefaultChannelId/]: -Dio.netty.machineId: 7c:1e:52:ff:fe:6c:f1:79 (auto-detected)
[02Feb2026 03:00:27.077] [Server thread/DEBUG] [io.netty.buffer.PooledByteBufAllocator/]: -Dio.netty.allocator.numHeapArenas: 8
[02Feb2026 03:00:27.077] [Server thread/DEBUG] [io.netty.buffer.PooledByteBufAllocator/]: -Dio.netty.allocator.numDirectArenas: 8
[02Feb2026 03:00:27.077] [Server thread/DEBUG] [io.netty.buffer.PooledByteBufAllocator/]: -Dio.netty.allocator.pageSize: 8192
[02Feb2026 03:00:27.077] [Server thread/DEBUG] [io.netty.buffer.PooledByteBufAllocator/]: -Dio.netty.allocator.maxOrder: 9
[02Feb2026 03:00:27.077] [Server thread/DEBUG] [io.netty.buffer.PooledByteBufAllocator/]: -Dio.netty.allocator.chunkSize: 4194304
[02Feb2026 03:00:27.077] [Server thread/DEBUG] [io.netty.buffer.PooledByteBufAllocator/]: -Dio.netty.allocator.smallCacheSize: 256
[02Feb2026 03:00:27.077] [Server thread/DEBUG] [io.netty.buffer.PooledByteBufAllocator/]: -Dio.netty.allocator.normalCacheSize: 64
[02Feb2026 03:00:27.077] [Server thread/DEBUG] [io.netty.buffer.PooledByteBufAllocator/]: -Dio.netty.allocator.maxCachedBufferCapacity: 32768
[02Feb2026 03:00:27.077] [Server thread/DEBUG] [io.netty.buffer.PooledByteBufAllocator/]: -Dio.netty.allocator.cacheTrimInterval: 8192
[02Feb2026 03:00:27.078] [Server thread/DEBUG] [io.netty.buffer.PooledByteBufAllocator/]: -Dio.netty.allocator.cacheTrimIntervalMillis: 0
[02Feb2026 03:00:27.078] [Server thread/DEBUG] [io.netty.buffer.PooledByteBufAllocator/]: -Dio.netty.allocator.useCacheForAllThreads: false
[02Feb2026 03:00:27.078] [Server thread/DEBUG] [io.netty.buffer.PooledByteBufAllocator/]: -Dio.netty.allocator.maxCachedByteBuffersPerChunk: 1023
[02Feb2026 03:00:27.085] [Server thread/DEBUG] [io.netty.buffer.ByteBufUtil/]: -Dio.netty.allocator.type: pooled
[02Feb2026 03:00:27.085] [Server thread/DEBUG] [io.netty.buffer.ByteBufUtil/]: -Dio.netty.threadLocalDirectBufferSize: 0
[02Feb2026 03:00:27.085] [Server thread/DEBUG] [io.netty.buffer.ByteBufUtil/]: -Dio.netty.maxThreadLocalCharBufferSize: 16384
[02Feb2026 03:00:27.092] [Server thread/WARN] [net.minecraft.server.dedicated.DedicatedServer/]: **** SERVER IS RUNNING IN OFFLINE/INSECURE MODE!
[02Feb2026 03:00:27.093] [Server thread/WARN] [net.minecraft.server.dedicated.DedicatedServer/]: The server will make no attempt to authenticate usernames. Beware.
[02Feb2026 03:00:27.093] [Server thread/WARN] [net.minecraft.server.dedicated.DedicatedServer/]: While this makes the game possible to play without internet access, it also opens up the ability for hackers to connect with any username they choose.
[02Feb2026 03:00:27.093] [Server thread/WARN] [net.minecraft.server.dedicated.DedicatedServer/]: To change this, set "online-mode" to "true" in the server.properties file.
[02Feb2026 03:00:27.107] [Server thread/DEBUG] [net.minecraftforge.fml.config.ConfigTracker/CONFIG]: Loading configs type SERVER
[02Feb2026 03:00:27.107] [Server thread/DEBUG] [net.minecraftforge.fml.config.ConfigFileTypeHandler/CONFIG]: Built TOML config for ./world/serverconfig/forge-server.toml
[02Feb2026 03:00:27.108] [Server thread/DEBUG] [net.minecraftforge.fml.config.ConfigFileTypeHandler/CONFIG]: Loaded TOML config file ./world/serverconfig/forge-server.toml
[02Feb2026 03:00:27.108] [Server thread/DEBUG] [net.minecraftforge.fml.config.ConfigFileTypeHandler/CONFIG]: Watching TOML config file ./world/serverconfig/forge-server.toml for changes
[02Feb2026 03:00:27.108] [Server thread/DEBUG] [net.minecraftforge.common.ForgeConfig/FORGEMOD]: Loaded forge config file forge-server.toml
[02Feb2026 03:00:27.109] [Thread-1/DEBUG] [net.minecraftforge.fml.config.ConfigFileTypeHandler/CONFIG]: Config file forge-server.toml changed, sending notifies
[02Feb2026 03:00:27.109] [Thread-1/DEBUG] [net.minecraftforge.common.ForgeConfig/FORGEMOD]: Forge config just got changed on the file system!
[02Feb2026 03:00:27.109] [Thread-1/DEBUG] [net.minecraftforge.fml.config.ConfigFileTypeHandler/CONFIG]: Config file forge-server.toml changed, sending notifies
[02Feb2026 03:00:27.110] [Thread-1/DEBUG] [net.minecraftforge.common.ForgeConfig/FORGEMOD]: Forge config just got changed on the file system!
[02Feb2026 03:00:27.155] [Server thread/INFO] [net.minecraft.server.dedicated.DedicatedServer/]: Preparing level "world"
[02Feb2026 03:00:27.160] [Server thread/DEBUG] [net.minecraftforge.coremod.transformer.CoreModBaseTransformer/COREMOD]: Transforming net/minecraft/world/level/levelgen/PhantomSpawner
[02Feb2026 03:00:27.167] [Server thread/DEBUG] [net.minecraftforge.coremod.transformer.CoreModBaseTransformer/COREMOD]: Transforming net/minecraft/world/level/levelgen/PatrolSpawner
[02Feb2026 03:00:27.174] [Server thread/DEBUG] [net.minecraftforge.coremod.transformer.CoreModBaseTransformer/COREMOD]: Transforming net/minecraft/world/entity/npc/CatSpawner
[02Feb2026 03:00:27.178] [Server thread/DEBUG] [net.minecraftforge.coremod.transformer.CoreModBaseTransformer/COREMOD]: Transforming net/minecraft/world/entity/ai/village/VillageSiege
[02Feb2026 03:00:27.190] [Server thread/DEBUG] [mixin/]: Mixing gameplay.animal_spawn.SeverChunkCacheMixin from mixin.nostalgic_tweaks.json into net.minecraft.server.level.ServerChunkCache
[02Feb2026 03:00:27.240] [Server thread/DEBUG] [mixin/]: Mixing candy.square_border.ChunkMapMixin from mixin.nostalgic_tweaks.json into net.minecraft.server.level.ChunkMap
[02Feb2026 03:00:30.141] [Server thread/INFO] [net.minecraft.server.MinecraftServer/]: Preparing start region for dimension minecraft:overworld
[02Feb2026 03:00:31.318] [Server thread/DEBUG] [mixin/]: Mixing MixinChunkSerializer from architectury.mixins.json into net.minecraft.world.level.chunk.storage.ChunkSerializer
[02Feb2026 03:00:31.344] [Server thread/DEBUG] [mixin/]: Mixing LevelChunkSectionAccessor from moderner_beta-common.mixins.json into net.minecraft.world.level.chunk.LevelChunkSection
[02Feb2026 03:00:31.520] [Server thread/DEBUG] [net.minecraftforge.coremod.transformer.CoreModBaseTransformer/COREMOD]: Transforming net/minecraft/world/level/levelgen/structure/templatesystem/StructureTemplate
[02Feb2026 03:00:32.424] [Worker-Main-3/INFO] [net.minecraft.server.level.progress.LoggerChunkProgressListener/]: Preparing spawn area: 0%
[02Feb2026 03:00:32.431] [Worker-Main-1/INFO] [net.minecraft.server.level.progress.LoggerChunkProgressListener/]: Preparing spawn area: 0%
[02Feb2026 03:00:32.439] [Worker-Main-1/INFO] [net.minecraft.server.level.progress.LoggerChunkProgressListener/]: Preparing spawn area: 0%
[02Feb2026 03:00:32.444] [Worker-Main-3/INFO] [net.minecraft.server.level.progress.LoggerChunkProgressListener/]: Preparing spawn area: 0%
[02Feb2026 03:00:32.455] [Worker-Main-1/INFO] [net.minecraft.server.level.progress.LoggerChunkProgressListener/]: Preparing spawn area: 0%
[02Feb2026 03:00:32.644] [Worker-Main-3/INFO] [net.minecraft.server.level.progress.LoggerChunkProgressListener/]: Preparing spawn area: 0%
[02Feb2026 03:00:33.447] [Worker-Main-2/INFO] [net.minecraft.server.level.progress.LoggerChunkProgressListener/]: Preparing spawn area: 0%
[02Feb2026 03:00:33.643] [Worker-Main-1/INFO] [net.minecraft.server.level.progress.LoggerChunkProgressListener/]: Preparing spawn area: 0%
[02Feb2026 03:00:34.145] [Worker-Main-2/INFO] [net.minecraft.server.level.progress.LoggerChunkProgressListener/]: Preparing spawn area: 0%
[02Feb2026 03:00:34.643] [Worker-Main-2/INFO] [net.minecraft.server.level.progress.LoggerChunkProgressListener/]: Preparing spawn area: 0%
[02Feb2026 03:00:35.143] [Worker-Main-2/INFO] [net.minecraft.server.level.progress.LoggerChunkProgressListener/]: Preparing spawn area: 5%
[02Feb2026 03:00:35.643] [Worker-Main-3/INFO] [net.minecraft.server.level.progress.LoggerChunkProgressListener/]: Preparing spawn area: 56%
[02Feb2026 03:00:35.949] [Server thread/INFO] [net.minecraft.server.level.progress.LoggerChunkProgressListener/]: Time elapsed: 5807 ms
[02Feb2026 03:00:35.950] [Server thread/INFO] [net.minecraft.server.dedicated.DedicatedServer/]: Done (8.843s)! For help, type "help"
[02Feb2026 03:00:35.955] [Server thread/INFO] [net.minecraft.server.dedicated.DedicatedServer/]: JMX monitoring enabled
[02Feb2026 03:00:35.975] [Server thread/DEBUG] [net.minecraftforge.network.DualStackUtils/]: Detected IPv6 address: "0:0:0:0:0:0:0:0"
[02Feb2026 03:00:35.992] [Server thread/DEBUG] [net.minecraftforge.common.ForgeI18n/CORE]: Loading I18N data entries: 3187
[02Feb2026 03:00:35.996] [Server thread/INFO] [net.minecraftforge.server.permission.PermissionAPI/]: Successfully initialized permission handler forge:default_handler
[02Feb2026 03:00:36.019] [Server thread/DEBUG] [io.netty.buffer.AbstractByteBuf/]: -Dio.netty.buffer.checkAccessible: true
[02Feb2026 03:00:36.019] [Server thread/DEBUG] [io.netty.buffer.AbstractByteBuf/]: -Dio.netty.buffer.checkBounds: true
[02Feb2026 03:00:36.020] [Server thread/DEBUG] [io.netty.util.ResourceLeakDetectorFactory/]: Loaded default ResourceLeakDetector: io.netty.util.ResourceLeakDetector@506446df
[02Feb2026 03:00:36.039] [Server thread/DEBUG] [net.minecraftforge.coremod.transformer.CoreModBaseTransformer/COREMOD]: Transforming net/minecraft/world/level/NaturalSpawner
[02Feb2026 03:00:46.605] [Netty Epoll Server IO #1/DEBUG] [io.netty.util.Recycler/]: -Dio.netty.recycler.maxCapacityPerThread: 4096
[02Feb2026 03:00:46.605] [Netty Epoll Server IO #1/DEBUG] [io.netty.util.Recycler/]: -Dio.netty.recycler.ratio: 8
[02Feb2026 03:00:46.605] [Netty Epoll Server IO #1/DEBUG] [io.netty.util.Recycler/]: -Dio.netty.recycler.chunkSize: 32
[02Feb2026 03:00:46.605] [Netty Epoll Server IO #1/DEBUG] [io.netty.util.Recycler/]: -Dio.netty.recycler.blocking: false
[02Feb2026 03:01:11.704] [Netty Epoll Server IO #4/DEBUG] [net.minecraftforge.network.HandshakeHandler/FMLHANDSHAKE]: Starting new modded impl connection. Found 22 messages to dispatch.
[02Feb2026 03:01:11.997] [Server thread/DEBUG] [net.minecraftforge.network.HandshakeHandler/FMLHANDSHAKE]: Sending ticking packet info 'net.minecraftforge.network.HandshakeMessages$S2CModData' to 'fml:handshake' sequence 0
[02Feb2026 03:01:12.047] [Server thread/DEBUG] [net.minecraftforge.network.HandshakeHandler/FMLHANDSHAKE]: Sending ticking packet info 'net.minecraftforge.network.HandshakeMessages$S2CModList' to 'fml:handshake' sequence 1
[02Feb2026 03:01:12.097] [Server thread/DEBUG] [net.minecraftforge.network.HandshakeHandler/FMLHANDSHAKE]: Sending ticking packet info 'Registry minecraft:command_argument_type' to 'fml:handshake' sequence 2
[02Feb2026 03:01:12.147] [Server thread/DEBUG] [net.minecraftforge.network.HandshakeHandler/FMLHANDSHAKE]: Sending ticking packet info 'Registry minecraft:recipe_serializer' to 'fml:handshake' sequence 3
[02Feb2026 03:01:12.197] [Server thread/DEBUG] [net.minecraftforge.network.HandshakeHandler/FMLHANDSHAKE]: Sending ticking packet info 'Registry minecraft:sound_event' to 'fml:handshake' sequence 4
[02Feb2026 03:01:12.247] [Server thread/DEBUG] [net.minecraftforge.network.HandshakeHandler/FMLHANDSHAKE]: Sending ticking packet info 'Registry minecraft:particle_type' to 'fml:handshake' sequence 5
[02Feb2026 03:01:12.297] [Server thread/DEBUG] [net.minecraftforge.network.HandshakeHandler/FMLHANDSHAKE]: Sending ticking packet info 'Registry minecraft:villager_profession' to 'fml:handshake' sequence 6
[02Feb2026 03:01:12.347] [Server thread/DEBUG] [net.minecraftforge.network.HandshakeHandler/FMLHANDSHAKE]: Sending ticking packet info 'Registry minecraft:item' to 'fml:handshake' sequence 7
[02Feb2026 03:01:12.397] [Server thread/DEBUG] [net.minecraftforge.network.HandshakeHandler/FMLHANDSHAKE]: Sending ticking packet info 'Registry minecraft:potion' to 'fml:handshake' sequence 8
[02Feb2026 03:01:12.421] [Netty Epoll Server IO #4/DEBUG] [net.minecraftforge.network.LoginWrapper/FMLHANDSHAKE]: Recieved login wrapper packet event for channel fml:handshake with index 1
[02Feb2026 03:01:12.423] [Netty Epoll Server IO #4/DEBUG] [net.minecraftforge.network.HandshakeHandler/FMLHANDSHAKE]: Received client indexed reply 1 of type net.minecraftforge.network.HandshakeMessages$C2SModListReply
[02Feb2026 03:01:12.423] [Netty Epoll Server IO #4/DEBUG] [net.minecraftforge.network.HandshakeHandler/FMLHANDSHAKE]: Received client connection with modlist [minecraft, configured, moderner_beta, the_wonderland, forge, geckolib, architectury, addurdisc, nostalgic_tweaks]
[02Feb2026 03:01:12.425] [Netty Epoll Server IO #4/DEBUG] [net.minecraftforge.network.NetworkRegistry/NETREGISTRY]: Channel 'fml:loginwrapper' : Version test of 'FML3' from client : ACCEPTED
[02Feb2026 03:01:12.425] [Netty Epoll Server IO #4/DEBUG] [net.minecraftforge.network.NetworkRegistry/NETREGISTRY]: Channel 'forge:tier_sorting' : Version test of '1.0' from client : ACCEPTED
[02Feb2026 03:01:12.425] [Netty Epoll Server IO #4/DEBUG] [net.minecraftforge.network.NetworkRegistry/NETREGISTRY]: Channel 'configured:play' : Version test of '1' from client : ACCEPTED
[02Feb2026 03:01:12.425] [Netty Epoll Server IO #4/DEBUG] [net.minecraftforge.network.NetworkRegistry/NETREGISTRY]: Channel 'fml:handshake' : Version test of 'FML3' from client : ACCEPTED
[02Feb2026 03:01:12.425] [Netty Epoll Server IO #4/DEBUG] [net.minecraftforge.network.NetworkRegistry/NETREGISTRY]: Channel 'architectury:network' : Version test of '1' from client : ACCEPTED
[02Feb2026 03:01:12.425] [Netty Epoll Server IO #4/DEBUG] [net.minecraftforge.network.NetworkRegistry/NETREGISTRY]: Channel 'the_wonderland:the_wonderland' : Version test of '1' from client : ACCEPTED
[02Feb2026 03:01:12.425] [Netty Epoll Server IO #4/DEBUG] [net.minecraftforge.network.NetworkRegistry/NETREGISTRY]: Channel 'moderner_beta:moderner_beta' : Version test of '' from client : ACCEPTED
[02Feb2026 03:01:12.425] [Netty Epoll Server IO #4/DEBUG] [net.minecraftforge.network.NetworkRegistry/NETREGISTRY]: Channel 'minecraft:unregister' : Version test of 'FML3' from client : ACCEPTED
[02Feb2026 03:01:12.425] [Netty Epoll Server IO #4/DEBUG] [net.minecraftforge.network.NetworkRegistry/NETREGISTRY]: Channel 'fml:play' : Version test of 'FML3' from client : ACCEPTED
[02Feb2026 03:01:12.425] [Netty Epoll Server IO #4/DEBUG] [net.minecraftforge.network.NetworkRegistry/NETREGISTRY]: Channel 'minecraft:register' : Version test of 'FML3' from client : ACCEPTED
[02Feb2026 03:01:12.426] [Netty Epoll Server IO #4/DEBUG] [net.minecraftforge.network.NetworkRegistry/NETREGISTRY]: Channel 'forge:split' : Version test of '1.1' from client : ACCEPTED
[02Feb2026 03:01:12.426] [Netty Epoll Server IO #4/DEBUG] [net.minecraftforge.network.NetworkRegistry/NETREGISTRY]: Channel 'geckolib:main' : Version test of '1' from client : ACCEPTED
[02Feb2026 03:01:12.426] [Netty Epoll Server IO #4/DEBUG] [net.minecraftforge.network.NetworkRegistry/NETREGISTRY]: Accepting channel list from client
[02Feb2026 03:01:12.427] [Netty Epoll Server IO #4/DEBUG] [net.minecraftforge.network.HandshakeHandler/FMLHANDSHAKE]: Accepted client connection mod list
[02Feb2026 03:01:12.435] [Netty Epoll Server IO #4/DEBUG] [net.minecraftforge.network.LoginWrapper/FMLHANDSHAKE]: Recieved login wrapper packet event for channel fml:handshake with index 2
[02Feb2026 03:01:12.435] [Netty Epoll Server IO #4/DEBUG] [net.minecraftforge.network.HandshakeHandler/FMLHANDSHAKE]: Received client indexed reply 2 of type net.minecraftforge.network.HandshakeMessages$C2SAcknowledge
[02Feb2026 03:01:12.436] [Netty Epoll Server IO #4/DEBUG] [net.minecraftforge.network.HandshakeHandler/FMLHANDSHAKE]: Received acknowledgement from client
[02Feb2026 03:01:12.447] [Server thread/DEBUG] [net.minecraftforge.network.HandshakeHandler/FMLHANDSHAKE]: Sending ticking packet info 'Registry minecraft:painting_variant' to 'fml:handshake' sequence 9
[02Feb2026 03:01:12.462] [Netty Epoll Server IO #4/DEBUG] [net.minecraftforge.network.LoginWrapper/FMLHANDSHAKE]: Recieved login wrapper packet event for channel fml:handshake with index 3
[02Feb2026 03:01:12.462] [Netty Epoll Server IO #4/DEBUG] [net.minecraftforge.network.HandshakeHandler/FMLHANDSHAKE]: Received client indexed reply 3 of type net.minecraftforge.network.HandshakeMessages$C2SAcknowledge
[02Feb2026 03:01:12.462] [Netty Epoll Server IO #4/DEBUG] [net.minecraftforge.network.HandshakeHandler/FMLHANDSHAKE]: Received acknowledgement from client
[02Feb2026 03:01:12.497] [Server thread/DEBUG] [net.minecraftforge.network.HandshakeHandler/FMLHANDSHAKE]: Sending ticking packet info 'Registry forge:fluid_type' to 'fml:handshake' sequence 10
[02Feb2026 03:01:12.547] [Server thread/DEBUG] [net.minecraftforge.network.HandshakeHandler/FMLHANDSHAKE]: Sending ticking packet info 'Registry minecraft:block_entity_type' to 'fml:handshake' sequence 11
[02Feb2026 03:01:12.597] [Server thread/DEBUG] [net.minecraftforge.network.HandshakeHandler/FMLHANDSHAKE]: Sending ticking packet info 'Registry forge:display_contexts' to 'fml:handshake' sequence 12
[02Feb2026 03:01:12.647] [Server thread/DEBUG] [net.minecraftforge.network.HandshakeHandler/FMLHANDSHAKE]: Sending ticking packet info 'Registry minecraft:block' to 'fml:handshake' sequence 13
[02Feb2026 03:01:12.697] [Server thread/DEBUG] [net.minecraftforge.network.HandshakeHandler/FMLHANDSHAKE]: Sending ticking packet info 'Registry forge:entity_data_serializers' to 'fml:handshake' sequence 14
[02Feb2026 03:01:12.747] [Server thread/DEBUG] [net.minecraftforge.network.HandshakeHandler/FMLHANDSHAKE]: Sending ticking packet info 'Registry minecraft:mob_effect' to 'fml:handshake' sequence 15
[02Feb2026 03:01:12.797] [Server thread/DEBUG] [net.minecraftforge.network.HandshakeHandler/FMLHANDSHAKE]: Sending ticking packet info 'Registry minecraft:stat_type' to 'fml:handshake' sequence 16
[02Feb2026 03:01:12.847] [Server thread/DEBUG] [net.minecraftforge.network.HandshakeHandler/FMLHANDSHAKE]: Sending ticking packet info 'Registry minecraft:menu' to 'fml:handshake' sequence 17
[02Feb2026 03:01:12.897] [Server thread/DEBUG] [net.minecraftforge.network.HandshakeHandler/FMLHANDSHAKE]: Sending ticking packet info 'Registry minecraft:enchantment' to 'fml:handshake' sequence 18
[02Feb2026 03:01:12.947] [Server thread/DEBUG] [net.minecraftforge.network.HandshakeHandler/FMLHANDSHAKE]: Sending ticking packet info 'Registry minecraft:fluid' to 'fml:handshake' sequence 19
[02Feb2026 03:01:12.997] [Server thread/DEBUG] [net.minecraftforge.network.HandshakeHandler/FMLHANDSHAKE]: Sending ticking packet info 'Registry minecraft:entity_type' to 'fml:handshake' sequence 20
[02Feb2026 03:01:13.047] [Server thread/DEBUG] [net.minecraftforge.network.HandshakeHandler/FMLHANDSHAKE]: Sending ticking packet info 'Config forge-server.toml' to 'fml:handshake' sequence 21
[02Feb2026 03:01:13.194] [Netty Epoll Server IO #4/DEBUG] [net.minecraftforge.network.LoginWrapper/FMLHANDSHAKE]: Recieved login wrapper packet event for channel fml:handshake with index 4
[02Feb2026 03:01:13.194] [Netty Epoll Server IO #4/DEBUG] [net.minecraftforge.network.HandshakeHandler/FMLHANDSHAKE]: Received client indexed reply 4 of type net.minecraftforge.network.HandshakeMessages$C2SAcknowledge
[02Feb2026 03:01:13.194] [Netty Epoll Server IO #4/DEBUG] [net.minecraftforge.network.HandshakeHandler/FMLHANDSHAKE]: Received acknowledgement from client
[02Feb2026 03:01:13.194] [Netty Epoll Server IO #4/DEBUG] [net.minecraftforge.network.LoginWrapper/FMLHANDSHAKE]: Recieved login wrapper packet event for channel fml:handshake with index 5
[02Feb2026 03:01:13.194] [Netty Epoll Server IO #4/DEBUG] [net.minecraftforge.network.HandshakeHandler/FMLHANDSHAKE]: Received client indexed reply 5 of type net.minecraftforge.network.HandshakeMessages$C2SAcknowledge
[02Feb2026 03:01:13.195] [Netty Epoll Server IO #4/DEBUG] [net.minecraftforge.network.HandshakeHandler/FMLHANDSHAKE]: Received acknowledgement from client
[02Feb2026 03:01:13.195] [Netty Epoll Server IO #4/DEBUG] [net.minecraftforge.network.LoginWrapper/FMLHANDSHAKE]: Recieved login wrapper packet event for channel fml:handshake with index 6
[02Feb2026 03:01:13.195] [Netty Epoll Server IO #4/DEBUG] [net.minecraftforge.network.HandshakeHandler/FMLHANDSHAKE]: Received client indexed reply 6 of type net.minecraftforge.network.HandshakeMessages$C2SAcknowledge
[02Feb2026 03:01:13.195] [Netty Epoll Server IO #4/DEBUG] [net.minecraftforge.network.HandshakeHandler/FMLHANDSHAKE]: Received acknowledgement from client
[02Feb2026 03:01:13.508] [Netty Epoll Server IO #4/DEBUG] [net.minecraftforge.network.LoginWrapper/FMLHANDSHAKE]: Recieved login wrapper packet event for channel fml:handshake with index 7
[02Feb2026 03:01:13.508] [Netty Epoll Server IO #4/DEBUG] [net.minecraftforge.network.HandshakeHandler/FMLHANDSHAKE]: Received client indexed reply 7 of type net.minecraftforge.network.HandshakeMessages$C2SAcknowledge
[02Feb2026 03:01:13.508] [Netty Epoll Server IO #4/DEBUG] [net.minecraftforge.network.HandshakeHandler/FMLHANDSHAKE]: Received acknowledgement from client
[02Feb2026 03:01:13.508] [Netty Epoll Server IO #4/DEBUG] [net.minecraftforge.network.LoginWrapper/FMLHANDSHAKE]: Recieved login wrapper packet event for channel fml:handshake with index 8
[02Feb2026 03:01:13.508] [Netty Epoll Server IO #4/DEBUG] [net.minecraftforge.network.HandshakeHandler/FMLHANDSHAKE]: Received client indexed reply 8 of type net.minecraftforge.network.HandshakeMessages$C2SAcknowledge
[02Feb2026 03:01:13.508] [Netty Epoll Server IO #4/DEBUG] [net.minecraftforge.network.HandshakeHandler/FMLHANDSHAKE]: Received acknowledgement from client
[02Feb2026 03:01:13.508] [Netty Epoll Server IO #4/DEBUG] [net.minecraftforge.network.LoginWrapper/FMLHANDSHAKE]: Recieved login wrapper packet event for channel fml:handshake with index 9
[02Feb2026 03:01:13.508] [Netty Epoll Server IO #4/DEBUG] [net.minecraftforge.network.HandshakeHandler/FMLHANDSHAKE]: Received client indexed reply 9 of type net.minecraftforge.network.HandshakeMessages$C2SAcknowledge
[02Feb2026 03:01:13.508] [Netty Epoll Server IO #4/DEBUG] [net.minecraftforge.network.HandshakeHandler/FMLHANDSHAKE]: Received acknowledgement from client
[02Feb2026 03:01:13.509] [Netty Epoll Server IO #4/DEBUG] [net.minecraftforge.network.LoginWrapper/FMLHANDSHAKE]: Recieved login wrapper packet event for channel fml:handshake with index 10
[02Feb2026 03:01:13.509] [Netty Epoll Server IO #4/DEBUG] [net.minecraftforge.network.HandshakeHandler/FMLHANDSHAKE]: Received client indexed reply 10 of type net.minecraftforge.network.HandshakeMessages$C2SAcknowledge
[02Feb2026 03:01:13.509] [Netty Epoll Server IO #4/DEBUG] [net.minecraftforge.network.HandshakeHandler/FMLHANDSHAKE]: Received acknowledgement from client
[02Feb2026 03:01:13.509] [Netty Epoll Server IO #4/DEBUG] [net.minecraftforge.network.LoginWrapper/FMLHANDSHAKE]: Recieved login wrapper packet event for channel fml:handshake with index 11
[02Feb2026 03:01:13.509] [Netty Epoll Server IO #4/DEBUG] [net.minecraftforge.network.HandshakeHandler/FMLHANDSHAKE]: Received client indexed reply 11 of type net.minecraftforge.network.HandshakeMessages$C2SAcknowledge
[02Feb2026 03:01:13.509] [Netty Epoll Server IO #4/DEBUG] [net.minecraftforge.network.HandshakeHandler/FMLHANDSHAKE]: Received acknowledgement from client
[02Feb2026 03:01:13.509] [Netty Epoll Server IO #4/DEBUG] [net.minecraftforge.network.LoginWrapper/FMLHANDSHAKE]: Recieved login wrapper packet event for channel fml:handshake with index 12
[02Feb2026 03:01:13.509] [Netty Epoll Server IO #4/DEBUG] [net.minecraftforge.network.HandshakeHandler/FMLHANDSHAKE]: Received client indexed reply 12 of type net.minecraftforge.network.HandshakeMessages$C2SAcknowledge
[02Feb2026 03:01:13.509] [Netty Epoll Server IO #4/DEBUG] [net.minecraftforge.network.HandshakeHandler/FMLHANDSHAKE]: Received acknowledgement from client
[02Feb2026 03:01:13.830] [Netty Epoll Server IO #4/DEBUG] [net.minecraftforge.network.LoginWrapper/FMLHANDSHAKE]: Recieved login wrapper packet event for channel fml:handshake with index 13
[02Feb2026 03:01:13.830] [Netty Epoll Server IO #4/DEBUG] [net.minecraftforge.network.HandshakeHandler/FMLHANDSHAKE]: Received client indexed reply 13 of type net.minecraftforge.network.HandshakeMessages$C2SAcknowledge
[02Feb2026 03:01:13.830] [Netty Epoll Server IO #4/DEBUG] [net.minecraftforge.network.HandshakeHandler/FMLHANDSHAKE]: Received acknowledgement from client
[02Feb2026 03:01:13.830] [Netty Epoll Server IO #4/DEBUG] [net.minecraftforge.network.LoginWrapper/FMLHANDSHAKE]: Recieved login wrapper packet event for channel fml:handshake with index 14
[02Feb2026 03:01:13.830] [Netty Epoll Server IO #4/DEBUG] [net.minecraftforge.network.HandshakeHandler/FMLHANDSHAKE]: Received client indexed reply 14 of type net.minecraftforge.network.HandshakeMessages$C2SAcknowledge
[02Feb2026 03:01:13.830] [Netty Epoll Server IO #4/DEBUG] [net.minecraftforge.network.HandshakeHandler/FMLHANDSHAKE]: Received acknowledgement from client
[02Feb2026 03:01:13.831] [Netty Epoll Server IO #4/DEBUG] [net.minecraftforge.network.LoginWrapper/FMLHANDSHAKE]: Recieved login wrapper packet event for channel fml:handshake with index 15
[02Feb2026 03:01:13.831] [Netty Epoll Server IO #4/DEBUG] [net.minecraftforge.network.HandshakeHandler/FMLHANDSHAKE]: Received client indexed reply 15 of type net.minecraftforge.network.HandshakeMessages$C2SAcknowledge
[02Feb2026 03:01:13.831] [Netty Epoll Server IO #4/DEBUG] [net.minecraftforge.network.HandshakeHandler/FMLHANDSHAKE]: Received acknowledgement from client
[02Feb2026 03:01:13.831] [Netty Epoll Server IO #4/DEBUG] [net.minecraftforge.network.LoginWrapper/FMLHANDSHAKE]: Recieved login wrapper packet event for channel fml:handshake with index 16
[02Feb2026 03:01:13.831] [Netty Epoll Server IO #4/DEBUG] [net.minecraftforge.network.HandshakeHandler/FMLHANDSHAKE]: Received client indexed reply 16 of type net.minecraftforge.network.HandshakeMessages$C2SAcknowledge
[02Feb2026 03:01:13.831] [Netty Epoll Server IO #4/DEBUG] [net.minecraftforge.network.HandshakeHandler/FMLHANDSHAKE]: Received acknowledgement from client
[02Feb2026 03:01:13.831] [Netty Epoll Server IO #4/DEBUG] [net.minecraftforge.network.LoginWrapper/FMLHANDSHAKE]: Recieved login wrapper packet event for channel fml:handshake with index 17
[02Feb2026 03:01:13.831] [Netty Epoll Server IO #4/DEBUG] [net.minecraftforge.network.HandshakeHandler/FMLHANDSHAKE]: Received client indexed reply 17 of type net.minecraftforge.network.HandshakeMessages$C2SAcknowledge
[02Feb2026 03:01:13.831] [Netty Epoll Server IO #4/DEBUG] [net.minecraftforge.network.HandshakeHandler/FMLHANDSHAKE]: Received acknowledgement from client
[02Feb2026 03:01:13.832] [Netty Epoll Server IO #4/DEBUG] [net.minecraftforge.network.LoginWrapper/FMLHANDSHAKE]: Recieved login wrapper packet event for channel fml:handshake with index 18
[02Feb2026 03:01:13.832] [Netty Epoll Server IO #4/DEBUG] [net.minecraftforge.network.HandshakeHandler/FMLHANDSHAKE]: Received client indexed reply 18 of type net.minecraftforge.network.HandshakeMessages$C2SAcknowledge
[02Feb2026 03:01:13.832] [Netty Epoll Server IO #4/DEBUG] [net.minecraftforge.network.HandshakeHandler/FMLHANDSHAKE]: Received acknowledgement from client
[02Feb2026 03:01:13.832] [Netty Epoll Server IO #4/DEBUG] [net.minecraftforge.network.LoginWrapper/FMLHANDSHAKE]: Recieved login wrapper packet event for channel fml:handshake with index 19
[02Feb2026 03:01:13.832] [Netty Epoll Server IO #4/DEBUG] [net.minecraftforge.network.HandshakeHandler/FMLHANDSHAKE]: Received client indexed reply 19 of type net.minecraftforge.network.HandshakeMessages$C2SAcknowledge
[02Feb2026 03:01:13.832] [Netty Epoll Server IO #4/DEBUG] [net.minecraftforge.network.HandshakeHandler/FMLHANDSHAKE]: Received acknowledgement from client
[02Feb2026 03:01:14.254] [Netty Epoll Server IO #4/DEBUG] [net.minecraftforge.network.LoginWrapper/FMLHANDSHAKE]: Recieved login wrapper packet event for channel fml:handshake with index 20
[02Feb2026 03:01:14.255] [Netty Epoll Server IO #4/DEBUG] [net.minecraftforge.network.HandshakeHandler/FMLHANDSHAKE]: Received client indexed reply 20 of type net.minecraftforge.network.HandshakeMessages$C2SAcknowledge
[02Feb2026 03:01:14.255] [Netty Epoll Server IO #4/DEBUG] [net.minecraftforge.network.HandshakeHandler/FMLHANDSHAKE]: Received acknowledgement from client
[02Feb2026 03:01:14.255] [Netty Epoll Server IO #4/DEBUG] [net.minecraftforge.network.LoginWrapper/FMLHANDSHAKE]: Recieved login wrapper packet event for channel fml:handshake with index 21
[02Feb2026 03:01:14.255] [Netty Epoll Server IO #4/DEBUG] [net.minecraftforge.network.HandshakeHandler/FMLHANDSHAKE]: Received client indexed reply 21 of type net.minecraftforge.network.HandshakeMessages$C2SAcknowledge
[02Feb2026 03:01:14.255] [Netty Epoll Server IO #4/DEBUG] [net.minecraftforge.network.HandshakeHandler/FMLHANDSHAKE]: Received acknowledgement from client
[02Feb2026 03:01:14.297] [Server thread/DEBUG] [net.minecraftforge.network.HandshakeHandler/FMLHANDSHAKE]: Handshake complete!
[02Feb2026 03:01:14.356] [Server thread/DEBUG] [mixin/]: Mixing gameplay.food_health.FoodDataMixin from mixin.nostalgic_tweaks.json into net.minecraft.world.food.FoodData
[02Feb2026 03:01:14.397] [Server thread/DEBUG] [mixin/]: Mixing candy.old_hud.PlayerAdvancementsMixin from mixin.nostalgic_tweaks.json into net.minecraft.server.PlayerAdvancements
[02Feb2026 03:01:14.442] [Server thread/DEBUG] [mixin/]: Mixing PlayerRespawnLogicMixin from moderner_beta-common.mixins.json into net.minecraft.server.level.PlayerRespawnLogic
[02Feb2026 03:01:14.451] [Server thread/INFO] [net.minecraft.server.players.PlayerList/]: Niquito[/127.164.53.114:49605] logged in with entity id 35 at (4.351752620582652, 73.0, -68.54342759649074)
[02Feb2026 03:01:14.461] [Server thread/DEBUG] [net.minecraftforge.network.filters.NetworkFilters/]: Injected net.minecraftforge.network.filters.ForgeConnectionNetworkFilter@74e57cc2 into net.minecraft.network.Connection@4263604d
[02Feb2026 03:01:14.540] [Server thread/INFO] [net.minecraft.server.MinecraftServer/]: Niquito joined the game
[02Feb2026 03:01:19.254] [Server thread/DEBUG] [io.netty.util.internal.ThreadLocalRandom/]: -Dio.netty.initialSeedUniquifier: 0x94f957f054157865
[02Feb2026 03:01:51.985] [Netty Epoll Server IO #2/DEBUG] [net.minecraftforge.network.HandshakeHandler/FMLHANDSHAKE]: Starting new modded impl connection. Found 22 messages to dispatch.
[02Feb2026 03:01:52.300] [Server thread/DEBUG] [net.minecraftforge.network.HandshakeHandler/FMLHANDSHAKE]: Sending ticking packet info 'net.minecraftforge.network.HandshakeMessages$S2CModData' to 'fml:handshake' sequence 0
[02Feb2026 03:01:52.352] [Server thread/DEBUG] [net.minecraftforge.network.HandshakeHandler/FMLHANDSHAKE]: Sending ticking packet info 'net.minecraftforge.network.HandshakeMessages$S2CModList' to 'fml:handshake' sequence 1
[02Feb2026 03:01:52.402] [Server thread/DEBUG] [net.minecraftforge.network.HandshakeHandler/FMLHANDSHAKE]: Sending ticking packet info 'Registry minecraft:command_argument_type' to 'fml:handshake' sequence 2
[02Feb2026 03:01:52.451] [Server thread/DEBUG] [net.minecraftforge.network.HandshakeHandler/FMLHANDSHAKE]: Sending ticking packet info 'Registry minecraft:recipe_serializer' to 'fml:handshake' sequence 3
[02Feb2026 03:01:52.501] [Server thread/DEBUG] [net.minecraftforge.network.HandshakeHandler/FMLHANDSHAKE]: Sending ticking packet info 'Registry minecraft:sound_event' to 'fml:handshake' sequence 4
[02Feb2026 03:01:52.552] [Server thread/DEBUG] [net.minecraftforge.network.HandshakeHandler/FMLHANDSHAKE]: Sending ticking packet info 'Registry minecraft:particle_type' to 'fml:handshake' sequence 5
[02Feb2026 03:01:52.602] [Server thread/DEBUG] [net.minecraftforge.network.HandshakeHandler/FMLHANDSHAKE]: Sending ticking packet info 'Registry minecraft:villager_profession' to 'fml:handshake' sequence 6
[02Feb2026 03:01:52.651] [Server thread/DEBUG] [net.minecraftforge.network.HandshakeHandler/FMLHANDSHAKE]: Sending ticking packet info 'Registry minecraft:item' to 'fml:handshake' sequence 7
[02Feb2026 03:01:52.674] [Netty Epoll Server IO #2/DEBUG] [net.minecraftforge.network.LoginWrapper/FMLHANDSHAKE]: Recieved login wrapper packet event for channel fml:handshake with index 1
[02Feb2026 03:01:52.674] [Netty Epoll Server IO #2/DEBUG] [net.minecraftforge.network.HandshakeHandler/FMLHANDSHAKE]: Received client indexed reply 1 of type net.minecraftforge.network.HandshakeMessages$C2SModListReply
[02Feb2026 03:01:52.674] [Netty Epoll Server IO #2/DEBUG] [net.minecraftforge.network.HandshakeHandler/FMLHANDSHAKE]: Received client connection with modlist [minecraft, configured, moderner_beta, the_wonderland, forge, geckolib, architectury, addurdisc, nostalgic_tweaks]
[02Feb2026 03:01:52.674] [Netty Epoll Server IO #2/DEBUG] [net.minecraftforge.network.NetworkRegistry/NETREGISTRY]: Channel 'fml:loginwrapper' : Version test of 'FML3' from client : ACCEPTED
[02Feb2026 03:01:52.674] [Netty Epoll Server IO #2/DEBUG] [net.minecraftforge.network.NetworkRegistry/NETREGISTRY]: Channel 'forge:tier_sorting' : Version test of '1.0' from client : ACCEPTED
[02Feb2026 03:01:52.674] [Netty Epoll Server IO #2/DEBUG] [net.minecraftforge.network.NetworkRegistry/NETREGISTRY]: Channel 'configured:play' : Version test of '1' from client : ACCEPTED
[02Feb2026 03:01:52.674] [Netty Epoll Server IO #2/DEBUG] [net.minecraftforge.network.NetworkRegistry/NETREGISTRY]: Channel 'fml:handshake' : Version test of 'FML3' from client : ACCEPTED
[02Feb2026 03:01:52.674] [Netty Epoll Server IO #2/DEBUG] [net.minecraftforge.network.NetworkRegistry/NETREGISTRY]: Channel 'architectury:network' : Version test of '1' from client : ACCEPTED
[02Feb2026 03:01:52.674] [Netty Epoll Server IO #2/DEBUG] [net.minecraftforge.network.NetworkRegistry/NETREGISTRY]: Channel 'the_wonderland:the_wonderland' : Version test of '1' from client : ACCEPTED
[02Feb2026 03:01:52.674] [Netty Epoll Server IO #2/DEBUG] [net.minecraftforge.network.NetworkRegistry/NETREGISTRY]: Channel 'moderner_beta:moderner_beta' : Version test of '' from client : ACCEPTED
[02Feb2026 03:01:52.674] [Netty Epoll Server IO #2/DEBUG] [net.minecraftforge.network.NetworkRegistry/NETREGISTRY]: Channel 'minecraft:unregister' : Version test of 'FML3' from client : ACCEPTED
[02Feb2026 03:01:52.674] [Netty Epoll Server IO #2/DEBUG] [net.minecraftforge.network.NetworkRegistry/NETREGISTRY]: Channel 'fml:play' : Version test of 'FML3' from client : ACCEPTED
[02Feb2026 03:01:52.675] [Netty Epoll Server IO #2/DEBUG] [net.minecraftforge.network.NetworkRegistry/NETREGISTRY]: Channel 'minecraft:register' : Version test of 'FML3' from client : ACCEPTED
[02Feb2026 03:01:52.675] [Netty Epoll Server IO #2/DEBUG] [net.minecraftforge.network.NetworkRegistry/NETREGISTRY]: Channel 'forge:split' : Version test of '1.1' from client : ACCEPTED
[02Feb2026 03:01:52.675] [Netty Epoll Server IO #2/DEBUG] [net.minecraftforge.network.NetworkRegistry/NETREGISTRY]: Channel 'geckolib:main' : Version test of '1' from client : ACCEPTED
[02Feb2026 03:01:52.675] [Netty Epoll Server IO #2/DEBUG] [net.minecraftforge.network.NetworkRegistry/NETREGISTRY]: Accepting channel list from client
[02Feb2026 03:01:52.675] [Netty Epoll Server IO #2/DEBUG] [net.minecraftforge.network.HandshakeHandler/FMLHANDSHAKE]: Accepted client connection mod list
[02Feb2026 03:01:52.701] [Server thread/DEBUG] [net.minecraftforge.network.HandshakeHandler/FMLHANDSHAKE]: Sending ticking packet info 'Registry minecraft:potion' to 'fml:handshake' sequence 8
[02Feb2026 03:01:52.728] [Netty Epoll Server IO #2/DEBUG] [net.minecraftforge.network.LoginWrapper/FMLHANDSHAKE]: Recieved login wrapper packet event for channel fml:handshake with index 2
[02Feb2026 03:01:52.728] [Netty Epoll Server IO #2/DEBUG] [net.minecraftforge.network.HandshakeHandler/FMLHANDSHAKE]: Received client indexed reply 2 of type net.minecraftforge.network.HandshakeMessages$C2SAcknowledge
[02Feb2026 03:01:52.728] [Netty Epoll Server IO #2/DEBUG] [net.minecraftforge.network.HandshakeHandler/FMLHANDSHAKE]: Received acknowledgement from client
[02Feb2026 03:01:52.752] [Server thread/DEBUG] [net.minecraftforge.network.HandshakeHandler/FMLHANDSHAKE]: Sending ticking packet info 'Registry minecraft:painting_variant' to 'fml:handshake' sequence 9
[02Feb2026 03:01:52.767] [Netty Epoll Server IO #2/DEBUG] [net.minecraftforge.network.LoginWrapper/FMLHANDSHAKE]: Recieved login wrapper packet event for channel fml:handshake with index 3
[02Feb2026 03:01:52.767] [Netty Epoll Server IO #2/DEBUG] [net.minecraftforge.network.HandshakeHandler/FMLHANDSHAKE]: Received client indexed reply 3 of type net.minecraftforge.network.HandshakeMessages$C2SAcknowledge
[02Feb2026 03:01:52.767] [Netty Epoll Server IO #2/DEBUG] [net.minecraftforge.network.HandshakeHandler/FMLHANDSHAKE]: Received acknowledgement from client
[02Feb2026 03:01:52.803] [Server thread/DEBUG] [net.minecraftforge.network.HandshakeHandler/FMLHANDSHAKE]: Sending ticking packet info 'Registry forge:fluid_type' to 'fml:handshake' sequence 10
[02Feb2026 03:01:52.852] [Server thread/DEBUG] [net.minecraftforge.network.HandshakeHandler/FMLHANDSHAKE]: Sending ticking packet info 'Registry minecraft:block_entity_type' to 'fml:handshake' sequence 11
[02Feb2026 03:01:52.901] [Server thread/DEBUG] [net.minecraftforge.network.HandshakeHandler/FMLHANDSHAKE]: Sending ticking packet info 'Registry forge:display_contexts' to 'fml:handshake' sequence 12
[02Feb2026 03:01:52.951] [Server thread/DEBUG] [net.minecraftforge.network.HandshakeHandler/FMLHANDSHAKE]: Sending ticking packet info 'Registry minecraft:block' to 'fml:handshake' sequence 13
[02Feb2026 03:01:53.002] [Server thread/DEBUG] [net.minecraftforge.network.HandshakeHandler/FMLHANDSHAKE]: Sending ticking packet info 'Registry forge:entity_data_serializers' to 'fml:handshake' sequence 14
[02Feb2026 03:01:53.051] [Server thread/DEBUG] [net.minecraftforge.network.HandshakeHandler/FMLHANDSHAKE]: Sending ticking packet info 'Registry minecraft:mob_effect' to 'fml:handshake' sequence 15
[02Feb2026 03:01:53.101] [Server thread/DEBUG] [net.minecraftforge.network.HandshakeHandler/FMLHANDSHAKE]: Sending ticking packet info 'Registry minecraft:stat_type' to 'fml:handshake' sequence 16
[02Feb2026 03:01:53.152] [Server thread/DEBUG] [net.minecraftforge.network.HandshakeHandler/FMLHANDSHAKE]: Sending ticking packet info 'Registry minecraft:menu' to 'fml:handshake' sequence 17
[02Feb2026 03:01:53.200] [Server thread/DEBUG] [net.minecraftforge.network.HandshakeHandler/FMLHANDSHAKE]: Sending ticking packet info 'Registry minecraft:enchantment' to 'fml:handshake' sequence 18
[02Feb2026 03:01:53.250] [Server thread/DEBUG] [net.minecraftforge.network.HandshakeHandler/FMLHANDSHAKE]: Sending ticking packet info 'Registry minecraft:fluid' to 'fml:handshake' sequence 19
[02Feb2026 03:01:53.301] [Server thread/DEBUG] [net.minecraftforge.network.HandshakeHandler/FMLHANDSHAKE]: Sending ticking packet info 'Registry minecraft:entity_type' to 'fml:handshake' sequence 20
[02Feb2026 03:01:53.352] [Server thread/DEBUG] [net.minecraftforge.network.HandshakeHandler/FMLHANDSHAKE]: Sending ticking packet info 'Config forge-server.toml' to 'fml:handshake' sequence 21
[02Feb2026 03:01:53.419] [Netty Epoll Server IO #2/DEBUG] [net.minecraftforge.network.LoginWrapper/FMLHANDSHAKE]: Recieved login wrapper packet event for channel fml:handshake with index 4
[02Feb2026 03:01:53.419] [Netty Epoll Server IO #2/DEBUG] [net.minecraftforge.network.HandshakeHandler/FMLHANDSHAKE]: Received client indexed reply 4 of type net.minecraftforge.network.HandshakeMessages$C2SAcknowledge
[02Feb2026 03:01:53.419] [Netty Epoll Server IO #2/DEBUG] [net.minecraftforge.network.HandshakeHandler/FMLHANDSHAKE]: Received acknowledgement from client
[02Feb2026 03:01:53.444] [Netty Epoll Server IO #2/DEBUG] [net.minecraftforge.network.LoginWrapper/FMLHANDSHAKE]: Recieved login wrapper packet event for channel fml:handshake with index 5
[02Feb2026 03:01:53.444] [Netty Epoll Server IO #2/DEBUG] [net.minecraftforge.network.HandshakeHandler/FMLHANDSHAKE]: Received client indexed reply 5 of type net.minecraftforge.network.HandshakeMessages$C2SAcknowledge
[02Feb2026 03:01:53.444] [Netty Epoll Server IO #2/DEBUG] [net.minecraftforge.network.HandshakeHandler/FMLHANDSHAKE]: Received acknowledgement from client
[02Feb2026 03:01:53.444] [Netty Epoll Server IO #2/DEBUG] [net.minecraftforge.network.LoginWrapper/FMLHANDSHAKE]: Recieved login wrapper packet event for channel fml:handshake with index 6
[02Feb2026 03:01:53.444] [Netty Epoll Server IO #2/DEBUG] [net.minecraftforge.network.HandshakeHandler/FMLHANDSHAKE]: Received client indexed reply 6 of type net.minecraftforge.network.HandshakeMessages$C2SAcknowledge
[02Feb2026 03:01:53.444] [Netty Epoll Server IO #2/DEBUG] [net.minecraftforge.network.HandshakeHandler/FMLHANDSHAKE]: Received acknowledgement from client
[02Feb2026 03:01:53.667] [Netty Epoll Server IO #2/DEBUG] [net.minecraftforge.network.LoginWrapper/FMLHANDSHAKE]: Recieved login wrapper packet event for channel fml:handshake with index 7
[02Feb2026 03:01:53.667] [Netty Epoll Server IO #2/DEBUG] [net.minecraftforge.network.HandshakeHandler/FMLHANDSHAKE]: Received client indexed reply 7 of type net.minecraftforge.network.HandshakeMessages$C2SAcknowledge
[02Feb2026 03:01:53.667] [Netty Epoll Server IO #2/DEBUG] [net.minecraftforge.network.HandshakeHandler/FMLHANDSHAKE]: Received acknowledgement from client
[02Feb2026 03:01:53.667] [Netty Epoll Server IO #2/DEBUG] [net.minecraftforge.network.LoginWrapper/FMLHANDSHAKE]: Recieved login wrapper packet event for channel fml:handshake with index 8
[02Feb2026 03:01:53.667] [Netty Epoll Server IO #2/DEBUG] [net.minecraftforge.network.HandshakeHandler/FMLHANDSHAKE]: Received client indexed reply 8 of type net.minecraftforge.network.HandshakeMessages$C2SAcknowledge
[02Feb2026 03:01:53.667] [Netty Epoll Server IO #2/DEBUG] [net.minecraftforge.network.HandshakeHandler/FMLHANDSHAKE]: Received acknowledgement from client
[02Feb2026 03:01:53.667] [Netty Epoll Server IO #2/DEBUG] [net.minecraftforge.network.LoginWrapper/FMLHANDSHAKE]: Recieved login wrapper packet event for channel fml:handshake with index 9
[02Feb2026 03:01:53.667] [Netty Epoll Server IO #2/DEBUG] [net.minecraftforge.network.HandshakeHandler/FMLHANDSHAKE]: Received client indexed reply 9 of type net.minecraftforge.network.HandshakeMessages$C2SAcknowledge
[02Feb2026 03:01:53.667] [Netty Epoll Server IO #2/DEBUG] [net.minecraftforge.network.HandshakeHandler/FMLHANDSHAKE]: Received acknowledgement from client
[02Feb2026 03:01:53.667] [Netty Epoll Server IO #2/DEBUG] [net.minecraftforge.network.LoginWrapper/FMLHANDSHAKE]: Recieved login wrapper packet event for channel fml:handshake with index 10
[02Feb2026 03:01:53.667] [Netty Epoll Server IO #2/DEBUG] [net.minecraftforge.network.HandshakeHandler/FMLHANDSHAKE]: Received client indexed reply 10 of type net.minecraftforge.network.HandshakeMessages$C2SAcknowledge
[02Feb2026 03:01:53.667] [Netty Epoll Server IO #2/DEBUG] [net.minecraftforge.network.HandshakeHandler/FMLHANDSHAKE]: Received acknowledgement from client
[02Feb2026 03:01:53.668] [Netty Epoll Server IO #2/DEBUG] [net.minecraftforge.network.LoginWrapper/FMLHANDSHAKE]: Recieved login wrapper packet event for channel fml:handshake with index 11
[02Feb2026 03:01:53.668] [Netty Epoll Server IO #2/DEBUG] [net.minecraftforge.network.HandshakeHandler/FMLHANDSHAKE]: Received client indexed reply 11 of type net.minecraftforge.network.HandshakeMessages$C2SAcknowledge
[02Feb2026 03:01:53.668] [Netty Epoll Server IO #2/DEBUG] [net.minecraftforge.network.HandshakeHandler/FMLHANDSHAKE]: Received acknowledgement from client
[02Feb2026 03:01:53.668] [Netty Epoll Server IO #2/DEBUG] [net.minecraftforge.network.LoginWrapper/FMLHANDSHAKE]: Recieved login wrapper packet event for channel fml:handshake with index 12
[02Feb2026 03:01:53.668] [Netty Epoll Server IO #2/DEBUG] [net.minecraftforge.network.HandshakeHandler/FMLHANDSHAKE]: Received client indexed reply 12 of type net.minecraftforge.network.HandshakeMessages$C2SAcknowledge
[02Feb2026 03:01:53.668] [Netty Epoll Server IO #2/DEBUG] [net.minecraftforge.network.HandshakeHandler/FMLHANDSHAKE]: Received acknowledgement from client
[02Feb2026 03:01:53.766] [Netty Epoll Server IO #2/DEBUG] [net.minecraftforge.network.LoginWrapper/FMLHANDSHAKE]: Recieved login wrapper packet event for channel fml:handshake with index 13
[02Feb2026 03:01:53.766] [Netty Epoll Server IO #2/DEBUG] [net.minecraftforge.network.HandshakeHandler/FMLHANDSHAKE]: Received client indexed reply 13 of type net.minecraftforge.network.HandshakeMessages$C2SAcknowledge
[02Feb2026 03:01:53.766] [Netty Epoll Server IO #2/DEBUG] [net.minecraftforge.network.HandshakeHandler/FMLHANDSHAKE]: Received acknowledgement from client
[02Feb2026 03:01:53.766] [Netty Epoll Server IO #2/DEBUG] [net.minecraftforge.network.LoginWrapper/FMLHANDSHAKE]: Recieved login wrapper packet event for channel fml:handshake with index 14
[02Feb2026 03:01:53.766] [Netty Epoll Server IO #2/DEBUG] [net.minecraftforge.network.HandshakeHandler/FMLHANDSHAKE]: Received client indexed reply 14 of type net.minecraftforge.network.HandshakeMessages$C2SAcknowledge
[02Feb2026 03:01:53.766] [Netty Epoll Server IO #2/DEBUG] [net.minecraftforge.network.HandshakeHandler/FMLHANDSHAKE]: Received acknowledgement from client
[02Feb2026 03:01:53.776] [Netty Epoll Server IO #2/DEBUG] [net.minecraftforge.network.LoginWrapper/FMLHANDSHAKE]: Recieved login wrapper packet event for channel fml:handshake with index 15
[02Feb2026 03:01:53.777] [Netty Epoll Server IO #2/DEBUG] [net.minecraftforge.network.HandshakeHandler/FMLHANDSHAKE]: Received client indexed reply 15 of type net.minecraftforge.network.HandshakeMessages$C2SAcknowledge
[02Feb2026 03:01:53.777] [Netty Epoll Server IO #2/DEBUG] [net.minecraftforge.network.HandshakeHandler/FMLHANDSHAKE]: Received acknowledgement from client
[02Feb2026 03:01:53.783] [Netty Epoll Server IO #2/DEBUG] [net.minecraftforge.network.LoginWrapper/FMLHANDSHAKE]: Recieved login wrapper packet event for channel fml:handshake with index 16
[02Feb2026 03:01:53.783] [Netty Epoll Server IO #2/DEBUG] [net.minecraftforge.network.HandshakeHandler/FMLHANDSHAKE]: Received client indexed reply 16 of type net.minecraftforge.network.HandshakeMessages$C2SAcknowledge
[02Feb2026 03:01:53.783] [Netty Epoll Server IO #2/DEBUG] [net.minecraftforge.network.HandshakeHandler/FMLHANDSHAKE]: Received acknowledgement from client
[02Feb2026 03:01:53.783] [Netty Epoll Server IO #2/DEBUG] [net.minecraftforge.network.LoginWrapper/FMLHANDSHAKE]: Recieved login wrapper packet event for channel fml:handshake with index 17
[02Feb2026 03:01:53.783] [Netty Epoll Server IO #2/DEBUG] [net.minecraftforge.network.HandshakeHandler/FMLHANDSHAKE]: Received client indexed reply 17 of type net.minecraftforge.network.HandshakeMessages$C2SAcknowledge
[02Feb2026 03:01:53.783] [Netty Epoll Server IO #2/DEBUG] [net.minecraftforge.network.HandshakeHandler/FMLHANDSHAKE]: Received acknowledgement from client
[02Feb2026 03:01:53.784] [Netty Epoll Server IO #2/DEBUG] [net.minecraftforge.network.LoginWrapper/FMLHANDSHAKE]: Recieved login wrapper packet event for channel fml:handshake with index 18
[02Feb2026 03:01:53.784] [Netty Epoll Server IO #2/DEBUG] [net.minecraftforge.network.HandshakeHandler/FMLHANDSHAKE]: Received client indexed reply 18 of type net.minecraftforge.network.HandshakeMessages$C2SAcknowledge
[02Feb2026 03:01:53.784] [Netty Epoll Server IO #2/DEBUG] [net.minecraftforge.network.HandshakeHandler/FMLHANDSHAKE]: Received acknowledgement from client
[02Feb2026 03:01:53.784] [Netty Epoll Server IO #2/DEBUG] [net.minecraftforge.network.LoginWrapper/FMLHANDSHAKE]: Recieved login wrapper packet event for channel fml:handshake with index 19
[02Feb2026 03:01:53.784] [Netty Epoll Server IO #2/DEBUG] [net.minecraftforge.network.HandshakeHandler/FMLHANDSHAKE]: Received client indexed reply 19 of type net.minecraftforge.network.HandshakeMessages$C2SAcknowledge
[02Feb2026 03:01:53.784] [Netty Epoll Server IO #2/DEBUG] [net.minecraftforge.network.HandshakeHandler/FMLHANDSHAKE]: Received acknowledgement from client
[02Feb2026 03:01:54.094] [Netty Epoll Server IO #2/DEBUG] [net.minecraftforge.network.LoginWrapper/FMLHANDSHAKE]: Recieved login wrapper packet event for channel fml:handshake with index 20
[02Feb2026 03:01:54.094] [Netty Epoll Server IO #2/DEBUG] [net.minecraftforge.network.HandshakeHandler/FMLHANDSHAKE]: Received client indexed reply 20 of type net.minecraftforge.network.HandshakeMessages$C2SAcknowledge
[02Feb2026 03:01:54.094] [Netty Epoll Server IO #2/DEBUG] [net.minecraftforge.network.HandshakeHandler/FMLHANDSHAKE]: Received acknowledgement from client
[02Feb2026 03:01:54.094] [Netty Epoll Server IO #2/DEBUG] [net.minecraftforge.network.LoginWrapper/FMLHANDSHAKE]: Recieved login wrapper packet event for channel fml:handshake with index 21
[02Feb2026 03:01:54.094] [Netty Epoll Server IO #2/DEBUG] [net.minecraftforge.network.HandshakeHandler/FMLHANDSHAKE]: Received client indexed reply 21 of type net.minecraftforge.network.HandshakeMessages$C2SAcknowledge
[02Feb2026 03:01:54.094] [Netty Epoll Server IO #2/DEBUG] [net.minecraftforge.network.HandshakeHandler/FMLHANDSHAKE]: Received acknowledgement from client
[02Feb2026 03:01:54.101] [Server thread/DEBUG] [net.minecraftforge.network.HandshakeHandler/FMLHANDSHAKE]: Handshake complete!
[02Feb2026 03:01:54.174] [Server thread/INFO] [net.minecraft.server.players.PlayerList/]: G.O.D[/127.62.220.153:57253] logged in with entity id 45 at (-404.5996282929797, 107.0, 92.74355095544271)
[02Feb2026 03:01:54.174] [Server thread/DEBUG] [net.minecraftforge.network.filters.NetworkFilters/]: Injected net.minecraftforge.network.filters.ForgeConnectionNetworkFilter@4db6bf0d into net.minecraft.network.Connection@195144eb
[02Feb2026 03:01:54.183] [Server thread/INFO] [net.minecraft.server.MinecraftServer/]: G.O.D joined the game
[02Feb2026 03:02:03.239] [Netty Epoll Server IO #5/DEBUG] [net.minecraftforge.network.HandshakeHandler/FMLHANDSHAKE]: Starting new modded impl connection. Found 22 messages to dispatch.
[02Feb2026 03:02:03.563] [Server thread/DEBUG] [net.minecraftforge.network.HandshakeHandler/FMLHANDSHAKE]: Sending ticking packet info 'net.minecraftforge.network.HandshakeMessages$S2CModData' to 'fml:handshake' sequence 0
[02Feb2026 03:02:03.614] [Server thread/DEBUG] [net.minecraftforge.network.HandshakeHandler/FMLHANDSHAKE]: Sending ticking packet info 'net.minecraftforge.network.HandshakeMessages$S2CModList' to 'fml:handshake' sequence 1
[02Feb2026 03:02:03.657] [Server thread/DEBUG] [net.minecraftforge.network.HandshakeHandler/FMLHANDSHAKE]: Sending ticking packet info 'Registry minecraft:command_argument_type' to 'fml:handshake' sequence 2
[02Feb2026 03:02:03.709] [Server thread/DEBUG] [net.minecraftforge.network.HandshakeHandler/FMLHANDSHAKE]: Sending ticking packet info 'Registry minecraft:recipe_serializer' to 'fml:handshake' sequence 3
[02Feb2026 03:02:03.763] [Server thread/DEBUG] [net.minecraftforge.network.HandshakeHandler/FMLHANDSHAKE]: Sending ticking packet info 'Registry minecraft:sound_event' to 'fml:handshake' sequence 4
[02Feb2026 03:02:03.816] [Server thread/DEBUG] [net.minecraftforge.network.HandshakeHandler/FMLHANDSHAKE]: Sending ticking packet info 'Registry minecraft:particle_type' to 'fml:handshake' sequence 5
[02Feb2026 03:02:03.873] [Server thread/DEBUG] [net.minecraftforge.network.HandshakeHandler/FMLHANDSHAKE]: Sending ticking packet info 'Registry minecraft:villager_profession' to 'fml:handshake' sequence 6
[02Feb2026 03:02:03.908] [Server thread/DEBUG] [net.minecraftforge.network.HandshakeHandler/FMLHANDSHAKE]: Sending ticking packet info 'Registry minecraft:item' to 'fml:handshake' sequence 7
[02Feb2026 03:02:03.959] [Server thread/DEBUG] [net.minecraftforge.network.HandshakeHandler/FMLHANDSHAKE]: Sending ticking packet info 'Registry minecraft:potion' to 'fml:handshake' sequence 8
[02Feb2026 03:02:04.009] [Server thread/DEBUG] [net.minecraftforge.network.HandshakeHandler/FMLHANDSHAKE]: Sending ticking packet info 'Registry minecraft:painting_variant' to 'fml:handshake' sequence 9
[02Feb2026 03:02:04.066] [Server thread/DEBUG] [net.minecraftforge.network.HandshakeHandler/FMLHANDSHAKE]: Sending ticking packet info 'Registry forge:fluid_type' to 'fml:handshake' sequence 10
[02Feb2026 03:02:04.108] [Server thread/DEBUG] [net.minecraftforge.network.HandshakeHandler/FMLHANDSHAKE]: Sending ticking packet info 'Registry minecraft:block_entity_type' to 'fml:handshake' sequence 11
[02Feb2026 03:02:04.156] [Server thread/DEBUG] [net.minecraftforge.network.HandshakeHandler/FMLHANDSHAKE]: Sending ticking packet info 'Registry forge:display_contexts' to 'fml:handshake' sequence 12
[02Feb2026 03:02:04.206] [Server thread/DEBUG] [net.minecraftforge.network.HandshakeHandler/FMLHANDSHAKE]: Sending ticking packet info 'Registry minecraft:block' to 'fml:handshake' sequence 13
[02Feb2026 03:02:04.254] [Server thread/DEBUG] [net.minecraftforge.network.HandshakeHandler/FMLHANDSHAKE]: Sending ticking packet info 'Registry forge:entity_data_serializers' to 'fml:handshake' sequence 14
[02Feb2026 03:02:04.262] [Netty Epoll Server IO #5/DEBUG] [net.minecraftforge.network.LoginWrapper/FMLHANDSHAKE]: Recieved login wrapper packet event for channel fml:handshake with index 1
[02Feb2026 03:02:04.262] [Netty Epoll Server IO #5/DEBUG] [net.minecraftforge.network.HandshakeHandler/FMLHANDSHAKE]: Received client indexed reply 1 of type net.minecraftforge.network.HandshakeMessages$C2SModListReply
[02Feb2026 03:02:04.263] [Netty Epoll Server IO #5/DEBUG] [net.minecraftforge.network.HandshakeHandler/FMLHANDSHAKE]: Received client connection with modlist [minecraft, configured, moderner_beta, the_wonderland, forge, geckolib, architectury, addurdisc, nostalgic_tweaks]
[02Feb2026 03:02:04.263] [Netty Epoll Server IO #5/DEBUG] [net.minecraftforge.network.NetworkRegistry/NETREGISTRY]: Channel 'fml:loginwrapper' : Version test of 'FML3' from client : ACCEPTED
[02Feb2026 03:02:04.263] [Netty Epoll Server IO #5/DEBUG] [net.minecraftforge.network.NetworkRegistry/NETREGISTRY]: Channel 'forge:tier_sorting' : Version test of '1.0' from client : ACCEPTED
[02Feb2026 03:02:04.263] [Netty Epoll Server IO #5/DEBUG] [net.minecraftforge.network.NetworkRegistry/NETREGISTRY]: Channel 'configured:play' : Version test of '1' from client : ACCEPTED
[02Feb2026 03:02:04.263] [Netty Epoll Server IO #5/DEBUG] [net.minecraftforge.network.NetworkRegistry/NETREGISTRY]: Channel 'fml:handshake' : Version test of 'FML3' from client : ACCEPTED
[02Feb2026 03:02:04.263] [Netty Epoll Server IO #5/DEBUG] [net.minecraftforge.network.NetworkRegistry/NETREGISTRY]: Channel 'architectury:network' : Version test of '1' from client : ACCEPTED
[02Feb2026 03:02:04.263] [Netty Epoll Server IO #5/DEBUG] [net.minecraftforge.network.NetworkRegistry/NETREGISTRY]: Channel 'the_wonderland:the_wonderland' : Version test of '1' from client : ACCEPTED
[02Feb2026 03:02:04.263] [Netty Epoll Server IO #5/DEBUG] [net.minecraftforge.network.NetworkRegistry/NETREGISTRY]: Channel 'moderner_beta:moderner_beta' : Version test of '' from client : ACCEPTED
[02Feb2026 03:02:04.263] [Netty Epoll Server IO #5/DEBUG] [net.minecraftforge.network.NetworkRegistry/NETREGISTRY]: Channel 'minecraft:unregister' : Version test of 'FML3' from client : ACCEPTED
[02Feb2026 03:02:04.263] [Netty Epoll Server IO #5/DEBUG] [net.minecraftforge.network.NetworkRegistry/NETREGISTRY]: Channel 'fml:play' : Version test of 'FML3' from client : ACCEPTED
[02Feb2026 03:02:04.263] [Netty Epoll Server IO #5/DEBUG] [net.minecraftforge.network.NetworkRegistry/NETREGISTRY]: Channel 'minecraft:register' : Version test of 'FML3' from client : ACCEPTED
[02Feb2026 03:02:04.263] [Netty Epoll Server IO #5/DEBUG] [net.minecraftforge.network.NetworkRegistry/NETREGISTRY]: Channel 'forge:split' : Version test of '1.1' from client : ACCEPTED
[02Feb2026 03:02:04.263] [Netty Epoll Server IO #5/DEBUG] [net.minecraftforge.network.NetworkRegistry/NETREGISTRY]: Channel 'geckolib:main' : Version test of '1' from client : ACCEPTED
[02Feb2026 03:02:04.263] [Netty Epoll Server IO #5/DEBUG] [net.minecraftforge.network.NetworkRegistry/NETREGISTRY]: Accepting channel list from client
[02Feb2026 03:02:04.263] [Netty Epoll Server IO #5/DEBUG] [net.minecraftforge.network.HandshakeHandler/FMLHANDSHAKE]: Accepted client connection mod list
[02Feb2026 03:02:04.275] [Netty Epoll Server IO #5/DEBUG] [net.minecraftforge.network.LoginWrapper/FMLHANDSHAKE]: Recieved login wrapper packet event for channel fml:handshake with index 2
[02Feb2026 03:02:04.275] [Netty Epoll Server IO #5/DEBUG] [net.minecraftforge.network.HandshakeHandler/FMLHANDSHAKE]: Received client indexed reply 2 of type net.minecraftforge.network.HandshakeMessages$C2SAcknowledge
[02Feb2026 03:02:04.276] [Netty Epoll Server IO #5/DEBUG] [net.minecraftforge.network.HandshakeHandler/FMLHANDSHAKE]: Received acknowledgement from client
[02Feb2026 03:02:04.276] [Netty Epoll Server IO #5/DEBUG] [net.minecraftforge.network.LoginWrapper/FMLHANDSHAKE]: Recieved login wrapper packet event for channel fml:handshake with index 3
[02Feb2026 03:02:04.276] [Netty Epoll Server IO #5/DEBUG] [net.minecraftforge.network.HandshakeHandler/FMLHANDSHAKE]: Received client indexed reply 3 of type net.minecraftforge.network.HandshakeMessages$C2SAcknowledge
[02Feb2026 03:02:04.276] [Netty Epoll Server IO #5/DEBUG] [net.minecraftforge.network.HandshakeHandler/FMLHANDSHAKE]: Received acknowledgement from client
[02Feb2026 03:02:04.307] [Server thread/DEBUG] [net.minecraftforge.network.HandshakeHandler/FMLHANDSHAKE]: Sending ticking packet info 'Registry minecraft:mob_effect' to 'fml:handshake' sequence 15
[02Feb2026 03:02:04.354] [Server thread/DEBUG] [net.minecraftforge.network.HandshakeHandler/FMLHANDSHAKE]: Sending ticking packet info 'Registry minecraft:stat_type' to 'fml:handshake' sequence 16
[02Feb2026 03:02:04.407] [Server thread/DEBUG] [net.minecraftforge.network.HandshakeHandler/FMLHANDSHAKE]: Sending ticking packet info 'Registry minecraft:menu' to 'fml:handshake' sequence 17
[02Feb2026 03:02:04.457] [Server thread/DEBUG] [net.minecraftforge.network.HandshakeHandler/FMLHANDSHAKE]: Sending ticking packet info 'Registry minecraft:enchantment' to 'fml:handshake' sequence 18
[02Feb2026 03:02:04.505] [Server thread/DEBUG] [net.minecraftforge.network.HandshakeHandler/FMLHANDSHAKE]: Sending ticking packet info 'Registry minecraft:fluid' to 'fml:handshake' sequence 19
[02Feb2026 03:02:04.556] [Server thread/DEBUG] [net.minecraftforge.network.HandshakeHandler/FMLHANDSHAKE]: Sending ticking packet info 'Registry minecraft:entity_type' to 'fml:handshake' sequence 20
[02Feb2026 03:02:04.607] [Server thread/DEBUG] [net.minecraftforge.network.HandshakeHandler/FMLHANDSHAKE]: Sending ticking packet info 'Config forge-server.toml' to 'fml:handshake' sequence 21
[02Feb2026 03:02:06.377] [Netty Epoll Server IO #5/DEBUG] [net.minecraftforge.network.LoginWrapper/FMLHANDSHAKE]: Recieved login wrapper packet event for channel fml:handshake with index 4
[02Feb2026 03:02:06.377] [Netty Epoll Server IO #5/DEBUG] [net.minecraftforge.network.HandshakeHandler/FMLHANDSHAKE]: Received client indexed reply 4 of type net.minecraftforge.network.HandshakeMessages$C2SAcknowledge
[02Feb2026 03:02:06.377] [Netty Epoll Server IO #5/DEBUG] [net.minecraftforge.network.HandshakeHandler/FMLHANDSHAKE]: Received acknowledgement from client
[02Feb2026 03:02:06.377] [Netty Epoll Server IO #5/DEBUG] [net.minecraftforge.network.LoginWrapper/FMLHANDSHAKE]: Recieved login wrapper packet event for channel fml:handshake with index 5
[02Feb2026 03:02:06.377] [Netty Epoll Server IO #5/DEBUG] [net.minecraftforge.network.HandshakeHandler/FMLHANDSHAKE]: Received client indexed reply 5 of type net.minecraftforge.network.HandshakeMessages$C2SAcknowledge
[02Feb2026 03:02:06.377] [Netty Epoll Server IO #5/DEBUG] [net.minecraftforge.network.HandshakeHandler/FMLHANDSHAKE]: Received acknowledgement from client
[02Feb2026 03:02:06.383] [Netty Epoll Server IO #5/DEBUG] [net.minecraftforge.network.LoginWrapper/FMLHANDSHAKE]: Recieved login wrapper packet event for channel fml:handshake with index 6
[02Feb2026 03:02:06.383] [Netty Epoll Server IO #5/DEBUG] [net.minecraftforge.network.HandshakeHandler/FMLHANDSHAKE]: Received client indexed reply 6 of type net.minecraftforge.network.HandshakeMessages$C2SAcknowledge
[02Feb2026 03:02:06.383] [Netty Epoll Server IO #5/DEBUG] [net.minecraftforge.network.HandshakeHandler/FMLHANDSHAKE]: Received acknowledgement from client
[02Feb2026 03:02:07.673] [Netty Epoll Server IO #5/DEBUG] [net.minecraftforge.network.LoginWrapper/FMLHANDSHAKE]: Recieved login wrapper packet event for channel fml:handshake with index 7
[02Feb2026 03:02:07.673] [Netty Epoll Server IO #5/DEBUG] [net.minecraftforge.network.HandshakeHandler/FMLHANDSHAKE]: Received client indexed reply 7 of type net.minecraftforge.network.HandshakeMessages$C2SAcknowledge
[02Feb2026 03:02:07.673] [Netty Epoll Server IO #5/DEBUG] [net.minecraftforge.network.HandshakeHandler/FMLHANDSHAKE]: Received acknowledgement from client
[02Feb2026 03:02:07.673] [Netty Epoll Server IO #5/DEBUG] [net.minecraftforge.network.LoginWrapper/FMLHANDSHAKE]: Recieved login wrapper packet event for channel fml:handshake with index 8
[02Feb2026 03:02:07.673] [Netty Epoll Server IO #5/DEBUG] [net.minecraftforge.network.HandshakeHandler/FMLHANDSHAKE]: Received client indexed reply 8 of type net.minecraftforge.network.HandshakeMessages$C2SAcknowledge
[02Feb2026 03:02:07.673] [Netty Epoll Server IO #5/DEBUG] [net.minecraftforge.network.HandshakeHandler/FMLHANDSHAKE]: Received acknowledgement from client
[02Feb2026 03:02:07.674] [Netty Epoll Server IO #5/DEBUG] [net.minecraftforge.network.LoginWrapper/FMLHANDSHAKE]: Recieved login wrapper packet event for channel fml:handshake with index 9
[02Feb2026 03:02:07.674] [Netty Epoll Server IO #5/DEBUG] [net.minecraftforge.network.HandshakeHandler/FMLHANDSHAKE]: Received client indexed reply 9 of type net.minecraftforge.network.HandshakeMessages$C2SAcknowledge
[02Feb2026 03:02:07.674] [Netty Epoll Server IO #5/DEBUG] [net.minecraftforge.network.HandshakeHandler/FMLHANDSHAKE]: Received acknowledgement from client
[02Feb2026 03:02:07.674] [Netty Epoll Server IO #5/DEBUG] [net.minecraftforge.network.LoginWrapper/FMLHANDSHAKE]: Recieved login wrapper packet event for channel fml:handshake with index 10
[02Feb2026 03:02:07.674] [Netty Epoll Server IO #5/DEBUG] [net.minecraftforge.network.HandshakeHandler/FMLHANDSHAKE]: Received client indexed reply 10 of type net.minecraftforge.network.HandshakeMessages$C2SAcknowledge
[02Feb2026 03:02:07.674] [Netty Epoll Server IO #5/DEBUG] [net.minecraftforge.network.HandshakeHandler/FMLHANDSHAKE]: Received acknowledgement from client
[02Feb2026 03:02:07.674] [Netty Epoll Server IO #5/DEBUG] [net.minecraftforge.network.LoginWrapper/FMLHANDSHAKE]: Recieved login wrapper packet event for channel fml:handshake with index 11
[02Feb2026 03:02:07.674] [Netty Epoll Server IO #5/DEBUG] [net.minecraftforge.network.HandshakeHandler/FMLHANDSHAKE]: Received client indexed reply 11 of type net.minecraftforge.network.HandshakeMessages$C2SAcknowledge
[02Feb2026 03:02:07.674] [Netty Epoll Server IO #5/DEBUG] [net.minecraftforge.network.HandshakeHandler/FMLHANDSHAKE]: Received acknowledgement from client
[02Feb2026 03:02:07.674] [Netty Epoll Server IO #5/DEBUG] [net.minecraftforge.network.LoginWrapper/FMLHANDSHAKE]: Recieved login wrapper packet event for channel fml:handshake with index 12
[02Feb2026 03:02:07.674] [Netty Epoll Server IO #5/DEBUG] [net.minecraftforge.network.HandshakeHandler/FMLHANDSHAKE]: Received client indexed reply 12 of type net.minecraftforge.network.HandshakeMessages$C2SAcknowledge
[02Feb2026 03:02:07.674] [Netty Epoll Server IO #5/DEBUG] [net.minecraftforge.network.HandshakeHandler/FMLHANDSHAKE]: Received acknowledgement from client
[02Feb2026 03:02:08.652] [Netty Epoll Server IO #5/DEBUG] [net.minecraftforge.network.LoginWrapper/FMLHANDSHAKE]: Recieved login wrapper packet event for channel fml:handshake with index 13
[02Feb2026 03:02:08.652] [Netty Epoll Server IO #5/DEBUG] [net.minecraftforge.network.HandshakeHandler/FMLHANDSHAKE]: Received client indexed reply 13 of type net.minecraftforge.network.HandshakeMessages$C2SAcknowledge
[02Feb2026 03:02:08.652] [Netty Epoll Server IO #5/DEBUG] [net.minecraftforge.network.HandshakeHandler/FMLHANDSHAKE]: Received acknowledgement from client
[02Feb2026 03:02:08.652] [Netty Epoll Server IO #5/DEBUG] [net.minecraftforge.network.LoginWrapper/FMLHANDSHAKE]: Recieved login wrapper packet event for channel fml:handshake with index 14
[02Feb2026 03:02:08.652] [Netty Epoll Server IO #5/DEBUG] [net.minecraftforge.network.HandshakeHandler/FMLHANDSHAKE]: Received client indexed reply 14 of type net.minecraftforge.network.HandshakeMessages$C2SAcknowledge
[02Feb2026 03:02:08.652] [Netty Epoll Server IO #5/DEBUG] [net.minecraftforge.network.HandshakeHandler/FMLHANDSHAKE]: Received acknowledgement from client
[02Feb2026 03:02:08.652] [Netty Epoll Server IO #5/DEBUG] [net.minecraftforge.network.LoginWrapper/FMLHANDSHAKE]: Recieved login wrapper packet event for channel fml:handshake with index 15
[02Feb2026 03:02:08.652] [Netty Epoll Server IO #5/DEBUG] [net.minecraftforge.network.HandshakeHandler/FMLHANDSHAKE]: Received client indexed reply 15 of type net.minecraftforge.network.HandshakeMessages$C2SAcknowledge
[02Feb2026 03:02:08.652] [Netty Epoll Server IO #5/DEBUG] [net.minecraftforge.network.HandshakeHandler/FMLHANDSHAKE]: Received acknowledgement from client
[02Feb2026 03:02:08.662] [Netty Epoll Server IO #5/DEBUG] [net.minecraftforge.network.LoginWrapper/FMLHANDSHAKE]: Recieved login wrapper packet event for channel fml:handshake with index 16
[02Feb2026 03:02:08.662] [Netty Epoll Server IO #5/DEBUG] [net.minecraftforge.network.HandshakeHandler/FMLHANDSHAKE]: Received client indexed reply 16 of type net.minecraftforge.network.HandshakeMessages$C2SAcknowledge
[02Feb2026 03:02:08.662] [Netty Epoll Server IO #5/DEBUG] [net.minecraftforge.network.HandshakeHandler/FMLHANDSHAKE]: Received acknowledgement from client
[02Feb2026 03:02:08.662] [Netty Epoll Server IO #5/DEBUG] [net.minecraftforge.network.LoginWrapper/FMLHANDSHAKE]: Recieved login wrapper packet event for channel fml:handshake with index 17
[02Feb2026 03:02:08.663] [Netty Epoll Server IO #5/DEBUG] [net.minecraftforge.network.HandshakeHandler/FMLHANDSHAKE]: Received client indexed reply 17 of type net.minecraftforge.network.HandshakeMessages$C2SAcknowledge
[02Feb2026 03:02:08.663] [Netty Epoll Server IO #5/DEBUG] [net.minecraftforge.network.HandshakeHandler/FMLHANDSHAKE]: Received acknowledgement from client
[02Feb2026 03:02:08.668] [Netty Epoll Server IO #5/DEBUG] [net.minecraftforge.network.LoginWrapper/FMLHANDSHAKE]: Recieved login wrapper packet event for channel fml:handshake with index 18
[02Feb2026 03:02:08.669] [Netty Epoll Server IO #5/DEBUG] [net.minecraftforge.network.HandshakeHandler/FMLHANDSHAKE]: Received client indexed reply 18 of type net.minecraftforge.network.HandshakeMessages$C2SAcknowledge
[02Feb2026 03:02:08.669] [Netty Epoll Server IO #5/DEBUG] [net.minecraftforge.network.HandshakeHandler/FMLHANDSHAKE]: Received acknowledgement from client
[02Feb2026 03:02:08.669] [Netty Epoll Server IO #5/DEBUG] [net.minecraftforge.network.LoginWrapper/FMLHANDSHAKE]: Recieved login wrapper packet event for channel fml:handshake with index 19
[02Feb2026 03:02:08.669] [Netty Epoll Server IO #5/DEBUG] [net.minecraftforge.network.HandshakeHandler/FMLHANDSHAKE]: Received client indexed reply 19 of type net.minecraftforge.network.HandshakeMessages$C2SAcknowledge
[02Feb2026 03:02:08.669] [Netty Epoll Server IO #5/DEBUG] [net.minecraftforge.network.HandshakeHandler/FMLHANDSHAKE]: Received acknowledgement from client
[02Feb2026 03:02:09.150] [Netty Epoll Server IO #5/DEBUG] [net.minecraftforge.network.LoginWrapper/FMLHANDSHAKE]: Recieved login wrapper packet event for channel fml:handshake with index 20
[02Feb2026 03:02:09.150] [Netty Epoll Server IO #5/DEBUG] [net.minecraftforge.network.HandshakeHandler/FMLHANDSHAKE]: Received client indexed reply 20 of type net.minecraftforge.network.HandshakeMessages$C2SAcknowledge
[02Feb2026 03:02:09.151] [Netty Epoll Server IO #5/DEBUG] [net.minecraftforge.network.HandshakeHandler/FMLHANDSHAKE]: Received acknowledgement from client
[02Feb2026 03:02:09.157] [Netty Epoll Server IO #5/DEBUG] [net.minecraftforge.network.LoginWrapper/FMLHANDSHAKE]: Recieved login wrapper packet event for channel fml:handshake with index 21
[02Feb2026 03:02:09.157] [Netty Epoll Server IO #5/DEBUG] [net.minecraftforge.network.HandshakeHandler/FMLHANDSHAKE]: Received client indexed reply 21 of type net.minecraftforge.network.HandshakeMessages$C2SAcknowledge
[02Feb2026 03:02:09.157] [Netty Epoll Server IO #5/DEBUG] [net.minecraftforge.network.HandshakeHandler/FMLHANDSHAKE]: Received acknowledgement from client
[02Feb2026 03:02:09.158] [Server thread/DEBUG] [net.minecraftforge.network.HandshakeHandler/FMLHANDSHAKE]: Handshake complete!
[02Feb2026 03:02:09.216] [Server thread/INFO] [net.minecraft.server.players.PlayerList/]: aiden_h[/127.180.243.166:46647] logged in with entity id 188 at (-376.13243658144023, 73.94602408668781, 126.12060694520115)
[02Feb2026 03:02:09.217] [Server thread/DEBUG] [net.minecraftforge.network.filters.NetworkFilters/]: Injected net.minecraftforge.network.filters.ForgeConnectionNetworkFilter@1c19d470 into net.minecraft.network.Connection@4bd57743
[02Feb2026 03:02:09.220] [Server thread/INFO] [net.minecraft.server.MinecraftServer/]: aiden_h joined the game
[02Feb2026 03:03:01.908] [Server thread/INFO] [net.minecraft.server.MinecraftServer/]: [Niquito: Teleported Niquito to 2.500000, 73.670000, 2.500000]
[02Feb2026 03:03:05.963] [Server thread/INFO] [net.minecraft.server.MinecraftServer/]: [Niquito: Teleported Niquito to G.O.D]
[02Feb2026 03:03:50.256] [Server thread/INFO] [net.minecraft.server.MinecraftServer/]: Niquito was slain by ???
[02Feb2026 03:03:50.259] [Server thread/INFO] [net.minecraft.server.network.ServerGamePacketListenerImpl/]: Niquito lost connection: Disconnected
[02Feb2026 03:03:50.260] [Server thread/INFO] [net.minecraft.server.MinecraftServer/]: Niquito left the game
[02Feb2026 03:03:50.278] [Server thread/DEBUG] [oshi.util.FileUtil/]: Reading file /sys/devices/system/cpu/cpu0/topology/core_id
[02Feb2026 03:03:50.278] [Server thread/DEBUG] [oshi.util.FileUtil/]: Reading file /sys/devices/system/cpu/cpu0/topology/core_id
[02Feb2026 03:03:50.279] [Server thread/DEBUG] [oshi.util.FileUtil/]: Reading file /sys/devices/system/cpu/cpu0/topology/physical_package_id
[02Feb2026 03:03:50.279] [Server thread/DEBUG] [oshi.util.FileUtil/]: Reading file /sys/devices/system/cpu/cpu0/topology/physical_package_id
[02Feb2026 03:03:50.279] [Server thread/DEBUG] [oshi.util.FileUtil/]: Reading file /sys/devices/system/cpu/cpu0/cpu_capacity
[02Feb2026 03:03:50.279] [Server thread/DEBUG] [oshi.util.FileUtil/]: Reading file /sys/devices/system/cpu/cpu1/topology/core_id
[02Feb2026 03:03:50.279] [Server thread/DEBUG] [oshi.util.FileUtil/]: Reading file /sys/devices/system/cpu/cpu1/topology/core_id
[02Feb2026 03:03:50.279] [Server thread/DEBUG] [oshi.util.FileUtil/]: Reading file /sys/devices/system/cpu/cpu1/topology/physical_package_id
[02Feb2026 03:03:50.279] [Server thread/DEBUG] [oshi.util.FileUtil/]: Reading file /sys/devices/system/cpu/cpu1/topology/physical_package_id
[02Feb2026 03:03:50.279] [Server thread/DEBUG] [oshi.util.FileUtil/]: Reading file /sys/devices/system/cpu/cpu1/cpu_capacity
[02Feb2026 03:03:50.280] [Server thread/DEBUG] [oshi.util.FileUtil/]: Reading file /sys/devices/system/cpu/cpu2/topology/core_id
[02Feb2026 03:03:50.280] [Server thread/DEBUG] [oshi.util.FileUtil/]: Reading file /sys/devices/system/cpu/cpu2/topology/core_id
[02Feb2026 03:03:50.280] [Server thread/DEBUG] [oshi.util.FileUtil/]: Reading file /sys/devices/system/cpu/cpu2/topology/physical_package_id
[02Feb2026 03:03:50.280] [Server thread/DEBUG] [oshi.util.FileUtil/]: Reading file /sys/devices/system/cpu/cpu2/topology/physical_package_id
[02Feb2026 03:03:50.280] [Server thread/DEBUG] [oshi.util.FileUtil/]: Reading file /sys/devices/system/cpu/cpu2/cpu_capacity
[02Feb2026 03:03:50.280] [Server thread/DEBUG] [oshi.util.FileUtil/]: Reading file /sys/devices/system/cpu/cpu3/topology/core_id
[02Feb2026 03:03:50.281] [Server thread/DEBUG] [oshi.util.FileUtil/]: Reading file /sys/devices/system/cpu/cpu3/topology/core_id
[02Feb2026 03:03:50.281] [Server thread/DEBUG] [oshi.util.FileUtil/]: Reading file /sys/devices/system/cpu/cpu3/topology/physical_package_id
[02Feb2026 03:03:50.281] [Server thread/DEBUG] [oshi.util.FileUtil/]: Reading file /sys/devices/system/cpu/cpu3/topology/physical_package_id
[02Feb2026 03:03:50.281] [Server thread/DEBUG] [oshi.util.FileUtil/]: Reading file /sys/devices/system/cpu/cpu3/cpu_capacity
[02Feb2026 03:03:50.281] [Server thread/DEBUG] [oshi.util.FileUtil/]: Reading file /proc/cpuinfo
[02Feb2026 03:03:50.287] [Server thread/DEBUG] [oshi.util.FileUtil/]: Reading file /proc/self/auxv
[02Feb2026 03:03:50.287] [Server thread/DEBUG] [oshi.util.FileUtil/]: No oshi.architecture.properties file found from ClassLoader cpw.mods.modlauncher.TransformingClassLoader@532e27ab
[02Feb2026 03:03:50.287] [Server thread/DEBUG] [oshi.util.FileUtil/]: No oshi.architecture.properties file found from ClassLoader jdk.internal.loader.ClassLoaders$AppClassLoader@76ed5528
[02Feb2026 03:03:50.293] [Server thread/DEBUG] [oshi.util.FileUtil/]: Reading file /proc/meminfo
[02Feb2026 03:03:50.294] [Server thread/DEBUG] [oshi.util.FileUtil/]: Reading file /proc/meminfo
[02Feb2026 03:03:50.299] [Server thread/ERROR] [net.minecraft.server.MinecraftServer/]: Encountered an unexpected exception
net.minecraft.ReportedException: Ticking entity
	at net.minecraft.server.MinecraftServer.m_5703_(MinecraftServer.java:897) ~[server-1.20.1-20230612.114412-srg.jar%23115!/:?]
	at net.minecraft.server.dedicated.DedicatedServer.m_5703_(DedicatedServer.java:283) ~[server-1.20.1-20230612.114412-srg.jar%23115!/:?]
	at net.minecraft.server.MinecraftServer.m_5705_(MinecraftServer.java:814) ~[server-1.20.1-20230612.114412-srg.jar%23115!/:?]
	at net.minecraft.server.MinecraftServer.m_130011_(MinecraftServer.java:661) ~[server-1.20.1-20230612.114412-srg.jar%23115!/:?]
	at net.minecraft.server.MinecraftServer.m_206580_(MinecraftServer.java:251) ~[server-1.20.1-20230612.114412-srg.jar%23115!/:?]
	at java.lang.Thread.run(Thread.java:840) ~[?:?]
Caused by: java.lang.NullPointerException: Cannot invoke "net.minecraft.world.entity.Entity.m_20185_()" because the return value of "java.util.Optional.orElse(Object)" is null
	at net.mcreator.thewonderland.procedures.TheEntityKillProcedure.execute(TheEntityKillProcedure.java:35) ~[the_wonderland-2.0.0-1.20.1.jar%23113!/:?]
	at net.mcreator.thewonderland.entity.TheEntityChasingEntity.m_5993_(TheEntityChasingEntity.java:195) ~[the_wonderland-2.0.0-1.20.1.jar%23113!/:?]
	at net.minecraft.server.level.ServerPlayer.m_6667_(ServerPlayer.java:613) ~[server-1.20.1-20230612.114412-srg.jar%23115!/:?]
	at net.minecraft.world.entity.LivingEntity.m_6469_(LivingEntity.java:1182) ~[server-1.20.1-20230612.114412-srg.jar%23115!/:?]
	at net.minecraft.world.entity.player.Player.m_6469_(Player.java:840) ~[server-1.20.1-20230612.114412-srg.jar%23115!/:?]
	at net.minecraft.server.level.ServerPlayer.m_6469_(ServerPlayer.java:695) ~[server-1.20.1-20230612.114412-srg.jar%23115!/:?]
	at net.minecraft.world.entity.Mob.m_7327_(Mob.java:1410) ~[server-1.20.1-20230612.114412-srg.jar%23115!/:?]
	at net.minecraft.world.entity.ai.goal.MeleeAttackGoal.m_6739_(MeleeAttackGoal.java:147) ~[server-1.20.1-20230612.114412-srg.jar%23115!/:?]
	at net.minecraft.world.entity.ai.goal.MeleeAttackGoal.m_8037_(MeleeAttackGoal.java:138) ~[server-1.20.1-20230612.114412-srg.jar%23115!/:?]
	at net.minecraft.world.entity.ai.goal.WrappedGoal.m_8037_(WrappedGoal.java:65) ~[server-1.20.1-20230612.114412-srg.jar%23115!/:?]
	at net.minecraft.world.entity.ai.goal.GoalSelector.m_186081_(GoalSelector.java:120) ~[server-1.20.1-20230612.114412-srg.jar%23115!/:?]
	at net.minecraft.world.entity.ai.goal.GoalSelector.m_25373_(GoalSelector.java:111) ~[server-1.20.1-20230612.114412-srg.jar%23115!/:?]
	at net.minecraft.world.entity.Mob.m_6140_(Mob.java:760) ~[server-1.20.1-20230612.114412-srg.jar%23115!/:?]
	at net.minecraft.world.entity.LivingEntity.m_8107_(LivingEntity.java:2548) ~[server-1.20.1-20230612.114412-srg.jar%23115!/:?]
	at net.minecraft.world.entity.Mob.m_8107_(Mob.java:536) ~[server-1.20.1-20230612.114412-srg.jar%23115!/:?]
	at net.mcreator.thewonderland.entity.TheEntityChasingEntity.m_8107_(TheEntityChasingEntity.java:212) ~[the_wonderland-2.0.0-1.20.1.jar%23113!/:?]
	at net.minecraft.world.entity.LivingEntity.m_8119_(LivingEntity.java:2298) ~[server-1.20.1-20230612.114412-srg.jar%23115!/:?]
	at net.minecraft.world.entity.Mob.m_8119_(Mob.java:337) ~[server-1.20.1-20230612.114412-srg.jar%23115!/:?]
	at net.minecraft.server.level.ServerLevel.m_8647_(ServerLevel.java:694) ~[server-1.20.1-20230612.114412-srg.jar%23115!/:?]
	at net.minecraft.world.level.Level.m_46653_(Level.java:479) ~[server-1.20.1-20230612.114412-srg.jar%23115!/:?]
	at net.minecraft.server.level.ServerLevel.m_184063_(ServerLevel.java:343) ~[server-1.20.1-20230612.114412-srg.jar%23115!/:?]
	at net.minecraft.world.level.entity.EntityTickList.m_156910_(EntityTickList.java:54) ~[server-1.20.1-20230612.114412-srg.jar%23115!/:?]
	at net.minecraft.server.level.ServerLevel.m_8793_(ServerLevel.java:323) ~[server-1.20.1-20230612.114412-srg.jar%23115!/:?]
	at net.minecraft.server.MinecraftServer.m_5703_(MinecraftServer.java:893) ~[server-1.20.1-20230612.114412-srg.jar%23115!/:?]
	... 5 more
[02Feb2026 03:03:50.323] [Server thread/FATAL] [net.minecraftforge.common.ForgeMod/]: Preparing crash report with UUID c8e1ad23-6ae1-49c1-a2b2-25b10a61b157
[02Feb2026 03:03:50.323] [Server thread/ERROR] [net.minecraft.server.MinecraftServer/]: This crash report has been saved to: /workspaces/servidora/servidor_minecraft/./crash-reports/crash-2026-02-02_03.03.50-server.txt
[02Feb2026 03:03:50.324] [Server thread/INFO] [net.minecraft.server.MinecraftServer/]: Stopping server
[02Feb2026 03:03:50.324] [Server thread/INFO] [net.minecraft.server.MinecraftServer/]: Saving players
[02Feb2026 03:03:50.337] [Server thread/INFO] [net.minecraft.server.MinecraftServer/]: Saving worlds
[02Feb2026 03:03:50.600] [Server thread/INFO] [net.minecraft.server.MinecraftServer/]: Saving chunks for level 'ServerLevel[world]'/minecraft:overworld
[02Feb2026 03:03:51.137] [Server thread/INFO] [net.minecraft.server.MinecraftServer/]: Saving chunks for level 'ServerLevel[world]'/the_wonderland:jungle_warehouse
[02Feb2026 03:03:51.139] [Server thread/INFO] [net.minecraft.server.MinecraftServer/]: Saving chunks for level 'ServerLevel[world]'/the_wonderland:inconsistency
[02Feb2026 03:03:51.139] [Server thread/INFO] [net.minecraft.server.MinecraftServer/]: Saving chunks for level 'ServerLevel[world]'/the_wonderland:what_once_was
[02Feb2026 03:03:51.140] [Server thread/INFO] [net.minecraft.server.MinecraftServer/]: Saving chunks for level 'ServerLevel[world]'/the_wonderland:wonderland
[02Feb2026 03:03:51.143] [Server thread/INFO] [net.minecraft.server.MinecraftServer/]: Saving chunks for level 'ServerLevel[world]'/the_wonderland:brickways
[02Feb2026 03:03:51.144] [Server thread/INFO] [net.minecraft.server.MinecraftServer/]: Saving chunks for level 'ServerLevel[world]'/the_wonderland:depths
[02Feb2026 03:03:51.144] [Server thread/INFO] [net.minecraft.server.MinecraftServer/]: Saving chunks for level 'ServerLevel[world]'/the_wonderland:bedrock_hallways
[02Feb2026 03:03:51.145] [Server thread/INFO] [net.minecraft.server.MinecraftServer/]: Saving chunks for level 'ServerLevel[world]'/the_wonderland:endless_library
[02Feb2026 03:03:51.147] [Server thread/INFO] [net.minecraft.server.MinecraftServer/]: Saving chunks for level 'ServerLevel[world]'/the_wonderland:winter_wonderland
[02Feb2026 03:03:51.147] [Server thread/INFO] [net.minecraft.server.MinecraftServer/]: Saving chunks for level 'ServerLevel[world]'/the_wonderland:maze
[02Feb2026 03:03:51.148] [Server thread/INFO] [net.minecraft.server.MinecraftServer/]: Saving chunks for level 'ServerLevel[world]'/the_wonderland:tunnels
[02Feb2026 03:03:51.149] [Server thread/INFO] [net.minecraft.server.MinecraftServer/]: Saving chunks for level 'ServerLevel[world]'/the_wonderland:answer_dimension
[02Feb2026 03:03:51.150] [Server thread/INFO] [net.minecraft.server.MinecraftServer/]: Saving chunks for level 'ServerLevel[world]'/the_wonderland:endless_house
[02Feb2026 03:03:51.151] [Server thread/INFO] [net.minecraft.server.MinecraftServer/]: Saving chunks for level 'ServerLevel[world]'/the_wonderland:dreamworld
[02Feb2026 03:03:51.151] [Server thread/INFO] [net.minecraft.server.MinecraftServer/]: Saving chunks for level 'ServerLevel[world]'/minecraft:the_end
[02Feb2026 03:03:51.152] [Server thread/INFO] [net.minecraft.server.MinecraftServer/]: Saving chunks for level 'ServerLevel[world]'/the_wonderland:remembrance
[02Feb2026 03:03:51.153] [Server thread/INFO] [net.minecraft.server.MinecraftServer/]: Saving chunks for level 'ServerLevel[world]'/minecraft:the_nether
[02Feb2026 03:03:51.153] [Server thread/INFO] [net.minecraft.server.MinecraftServer/]: Saving chunks for level 'ServerLevel[world]'/the_wonderland:endless_field
[02Feb2026 03:03:51.154] [Server thread/INFO] [net.minecraft.server.MinecraftServer/]: Saving chunks for level 'ServerLevel[world]'/the_wonderland:sequence
[02Feb2026 03:03:51.155] [Server thread/INFO] [net.minecraft.server.MinecraftServer/]: Saving chunks for level 'ServerLevel[world]'/the_wonderland:corners
[02Feb2026 03:03:51.157] [Server thread/INFO] [net.minecraft.server.MinecraftServer/]: Saving chunks for level 'ServerLevel[world]'/the_wonderland:the_vault
[02Feb2026 03:03:51.157] [Server thread/INFO] [net.minecraft.server.MinecraftServer/]: Saving chunks for level 'ServerLevel[world]'/the_wonderland:torture
[02Feb2026 03:03:51.158] [Server thread/INFO] [net.minecraft.server.MinecraftServer/]: Saving chunks for level 'ServerLevel[world]'/the_wonderland:abyss
[02Feb2026 03:03:51.159] [Server thread/INFO] [net.minecraft.server.MinecraftServer/]: Saving chunks for level 'ServerLevel[world]'/the_wonderland:catacombs
[02Feb2026 03:03:51.160] [Server thread/INFO] [net.minecraft.server.MinecraftServer/]: Saving chunks for level 'ServerLevel[world]'/the_wonderland:the_slip
[02Feb2026 03:03:51.171] [Server thread/DEBUG] [net.minecraftforge.common.ForgeHooks/WP]: Gathering id map for writing to world save world
[02Feb2026 03:03:51.176] [Server thread/DEBUG] [net.minecraftforge.common.ForgeHooks/WP]: ID Map collection complete world
[02Feb2026 03:03:51.186] [Server thread/INFO] [net.minecraft.server.MinecraftServer/]: ThreadedAnvilChunkStorage (world): All chunks are saved
[02Feb2026 03:03:51.186] [Server thread/INFO] [net.minecraft.server.MinecraftServer/]: ThreadedAnvilChunkStorage (jungle_warehouse): All chunks are saved
[02Feb2026 03:03:51.186] [Server thread/INFO] [net.minecraft.server.MinecraftServer/]: ThreadedAnvilChunkStorage (inconsistency): All chunks are saved
[02Feb2026 03:03:51.186] [Server thread/INFO] [net.minecraft.server.MinecraftServer/]: ThreadedAnvilChunkStorage (what_once_was): All chunks are saved
[02Feb2026 03:03:51.187] [Server thread/INFO] [net.minecraft.server.MinecraftServer/]: ThreadedAnvilChunkStorage (wonderland): All chunks are saved
[02Feb2026 03:03:51.187] [Server thread/INFO] [net.minecraft.server.MinecraftServer/]: ThreadedAnvilChunkStorage (brickways): All chunks are saved
[02Feb2026 03:03:51.187] [Server thread/INFO] [net.minecraft.server.MinecraftServer/]: ThreadedAnvilChunkStorage (depths): All chunks are saved
[02Feb2026 03:03:51.187] [Server thread/INFO] [net.minecraft.server.MinecraftServer/]: ThreadedAnvilChunkStorage (bedrock_hallways): All chunks are saved
[02Feb2026 03:03:51.187] [Server thread/INFO] [net.minecraft.server.MinecraftServer/]: ThreadedAnvilChunkStorage (endless_library): All chunks are saved
[02Feb2026 03:03:51.187] [Server thread/INFO] [net.minecraft.server.MinecraftServer/]: ThreadedAnvilChunkStorage (winter_wonderland): All chunks are saved
[02Feb2026 03:03:51.188] [Server thread/INFO] [net.minecraft.server.MinecraftServer/]: ThreadedAnvilChunkStorage (maze): All chunks are saved
[02Feb2026 03:03:51.188] [Server thread/INFO] [net.minecraft.server.MinecraftServer/]: ThreadedAnvilChunkStorage (tunnels): All chunks are saved
[02Feb2026 03:03:51.188] [Server thread/INFO] [net.minecraft.server.MinecraftServer/]: ThreadedAnvilChunkStorage (answer_dimension): All chunks are saved
[02Feb2026 03:03:51.188] [Server thread/INFO] [net.minecraft.server.MinecraftServer/]: ThreadedAnvilChunkStorage (endless_house): All chunks are saved
[02Feb2026 03:03:51.188] [Server thread/INFO] [net.minecraft.server.MinecraftServer/]: ThreadedAnvilChunkStorage (dreamworld): All chunks are saved
[02Feb2026 03:03:51.188] [Server thread/INFO] [net.minecraft.server.MinecraftServer/]: ThreadedAnvilChunkStorage (DIM1): All chunks are saved
[02Feb2026 03:03:51.188] [Server thread/INFO] [net.minecraft.server.MinecraftServer/]: ThreadedAnvilChunkStorage (remembrance): All chunks are saved
[02Feb2026 03:03:51.189] [Server thread/INFO] [net.minecraft.server.MinecraftServer/]: ThreadedAnvilChunkStorage (DIM-1): All chunks are saved
[02Feb2026 03:03:51.189] [Server thread/INFO] [net.minecraft.server.MinecraftServer/]: ThreadedAnvilChunkStorage (endless_field): All chunks are saved
[02Feb2026 03:03:51.189] [Server thread/INFO] [net.minecraft.server.MinecraftServer/]: ThreadedAnvilChunkStorage (sequence): All chunks are saved
[02Feb2026 03:03:51.189] [Server thread/INFO] [net.minecraft.server.MinecraftServer/]: ThreadedAnvilChunkStorage (corners): All chunks are saved
[02Feb2026 03:03:51.189] [Server thread/INFO] [net.minecraft.server.MinecraftServer/]: ThreadedAnvilChunkStorage (the_vault): All chunks are saved
[02Feb2026 03:03:51.190] [Server thread/INFO] [net.minecraft.server.MinecraftServer/]: ThreadedAnvilChunkStorage (torture): All chunks are saved
[02Feb2026 03:03:51.190] [Server thread/INFO] [net.minecraft.server.MinecraftServer/]: ThreadedAnvilChunkStorage (abyss): All chunks are saved
[02Feb2026 03:03:51.190] [Server thread/INFO] [net.minecraft.server.MinecraftServer/]: ThreadedAnvilChunkStorage (catacombs): All chunks are saved
[02Feb2026 03:03:51.190] [Server thread/INFO] [net.minecraft.server.MinecraftServer/]: ThreadedAnvilChunkStorage (the_slip): All chunks are saved
[02Feb2026 03:03:51.190] [Server thread/INFO] [net.minecraft.server.MinecraftServer/]: ThreadedAnvilChunkStorage: All dimensions are saved
[02Feb2026 03:03:51.209] [Server thread/DEBUG] [net.minecraftforge.fml.config.ConfigTracker/CONFIG]: Unloading configs type SERVER
